group,kind,path,exists,size_or_files,why_as_recorded,generator,contract_tests,cited_by
규칙·현재 상태,규칙,GO2_NOW.md,YES,39629,"2026-09-21: A041 INTERNAL_GATE_FAIL, A033 유지. 공동 목표 계획: `workspace/training/quadruped/upload/plan/GO2_FORWARD_STAIRS_POLICY_20260921.md` — 그 계획의 첫 실험을 **패키지로 만들었다** — **G-A042**(`track_lin_vel_xy_exp`",build_go2_training_length_package.py;go2_claim_check.py;go2_fact_rules_spec.py;go2_open_decisions.py;go2_reference_compa,test_go2_canonical_consistency.py;test_go2_claim_check_contract.py;test_go2_policy_text_contract.py;test_go2_reference_compass_contract.py;test_go2_reward_mecha,AGENTS.md;GO2_A038_REREAD_20260919.md;GO2_ANG_VEL_RELAX_AUDIT_20260920.md;GO2_OPEN_DECISIONS.md;GO2_POST_A029_PLAN_POLICY_AUDIT_20260914.md;GO2_PROJECT_STATE.md;GO2_REFERENCE_COMPASS.md;GO2_REWARD_EVI
규칙·현재 상태,규칙,GO2_REWARD_EVIDENCE_MASTER.md,YES,85066,"2026-09-21 G-A041 회수 판독 반영: 산출물은 검증됐고(ARTIFACT_VERIFIED) 판정은 **INTERNAL_GATE_FAIL**이다(artifact/stage faults `0`, sentinel `5`/`5`). 10cm 오르기 ≥1단 `90`→`34`/96 · ≥2단 `43`→`8`/96, 자세 포함 낙상 `34`→`93`/96. ",build_go2_candidate_package.py;build_go2_g_a030_package.py;build_go2_training_length_package.py;go2_claim_check.py;go2_o,test_go2_canonical_consistency.py;test_go2_claim_check_contract.py;test_go2_detectability_gate.py;test_go2_plan_assessment_contract.py;test_go2_policy_text_cont,AGENTS.md;ARTIFACT_MANAGEMENT.md;GO2_CAMPAIGN_SCHEDULE.md;GO2_DESIGN_REVIEW_260907.md;GO2_EVALUATION_PROTOCOL.md;GO2_INDEPENDENT_AUDIT_CODEX_260907.md;GO2_NOW.md;GO2_OPEN_DECISIONS.md;GO2_OPUS_REAUDIT
규칙·현재 상태,규칙,GO2_PROJECT_STATE.md,YES,323234,험지 전진 보존과 계단 정체 감소를 공동 목표로 설정. A033 유지; track 1.5→1.6은 OUT_OF_RANGE 정보 실험 계획이며 성능 채택이 아님. 옆걸음·밀침 악화 반대 근거를 보존하고 FAIL과 무관한 10/15cm 필수 회수를 요구. 패키지 미발행·서버 미실행. 계획: `workspace/training/quadruped/upload/pl,build_go2_track_lin_vel_120_package.py;build_go2_tuning_engine.py;go2_claim_check.py;go2_defect_ledger.py;go2_reference_,test_go2_claim_check_contract.py;test_go2_plan_assessment_contract.py;test_go2_policy_text_contract.py;test_go2_report_first_contract.py;test_go2_run_ledger_con,AGENTS.md;ARTIFACT_MANAGEMENT.md;GO2_CAMPAIGN_SCHEDULE.md;GO2_CODEX_REPAIR_REVIEW_FOR_OPUS_260908.md;GO2_DEFECT_LEDGER.md;GO2_DESIGN_REVIEW_260907.md;GO2_INDEPENDENT_AUDIT_CODEX_260907.md;GO2_NOW.md;G
규칙·현재 상태,규칙,ARTIFACT_MANAGEMENT.md,YES,90144,"- 상태: PLANNED → RUNNING → RECEIVED. 사용자 제공 `workspace/_keep/GO2_G_A041_RESULT.zip` 및 campaign ZIP, SHA, 풀린 폴더를 검사한다. 외부 실행은 회수 로그로 확인하며 기존 정본에 덮어쓰기/병합하지 않는다.",go2_claim_check.py;go2_reference_compass.py;update_go2_report_first_contract.py,test_go2_canonical_consistency.py;test_go2_claim_check_contract.py;test_go2_report_first_contract.py,AGENTS.md;CAMPAIGN_SCHEDULE.md;GO2_INDEPENDENT_AUDIT_CODEX_260907.md;GO2_NOW.md;GO2_REFERENCE_COMPASS.md;H1_REWARD_EVIDENCE_MASTER.md;NEW_SESSION_HANDOFF.md;OPUS_GO2_REAUDIT_PROMPT_260907.md;PROJECT_S
규칙·현재 상태,규칙,AGENTS.md,YES,48581,"이 파일은 상위 OMX `AGENTS.md`를 대체하지 않고, 이 저장소의 예선 기획·분석·보고 응답에 추가로 적용한다.",build_go2_track_lin_vel_120_package.py;go2_claim_check.py;go2_defect_ledger.py;go2_reference_compass.py;update_go2_repor,test_go2_canonical_consistency.py;test_go2_evidence_role_contract.py;test_go2_policy_text_contract.py;test_go2_report_first_contract.py;test_go2_reward_mechanis,ARTIFACT_MANAGEMENT.md;CAMPAIGN_SCHEDULE.md;GO2_DEFECT_LEDGER.md;GO2_DESIGN_REVIEW_260907.md;GO2_G_A029_TUNING_AUDIT_20260914.md;GO2_INDEPENDENT_AUDIT_CODEX_260907.md;GO2_NOW.md;GO2_OPUS_REAUDIT_COMPA
규칙·현재 상태,규칙,workspace/training/quadruped/AGENTS.md,YES,24069,데이터 정리·집계표 인용·튜닝 정책 판단 전 `GO2_DATA_STANDARD.md`와 `config/go2_evidence_data_dictionary.json`을 확인한다.,build_go2_track_lin_vel_120_package.py;go2_claim_check.py;go2_defect_ledger.py;go2_reference_compass.py;update_go2_repor,test_go2_canonical_consistency.py;test_go2_evidence_role_contract.py;test_go2_policy_text_contract.py;test_go2_report_first_contract.py;test_go2_reward_mechanis,ARTIFACT_MANAGEMENT.md;CAMPAIGN_SCHEDULE.md;GO2_DEFECT_LEDGER.md;GO2_DESIGN_REVIEW_260907.md;GO2_G_A029_TUNING_AUDIT_20260914.md;GO2_INDEPENDENT_AUDIT_CODEX_260907.md;GO2_NOW.md;GO2_OPUS_REAUDIT_COMPA
회차 원장,측정,workspace/training/quadruped/reports/runs/ARM_DELTAS.csv,YES,5233,"열: kind,from,to,cases,instrument_from,instrument_to,delta_70",build_go2_run_reports.py,test_go2_claim_check_contract.py;test_go2_plan_assessment_contract.py,GO2_REFERENCE_COMPASS.md;GO2_TUNING_POLICY_READOUT_20260918.md;build_go2_run_reports.py;go2-analyst.md;go2-auditor.md;go2-planner.md
회차 원장,이득구간,workspace/training/quadruped/reports/runs/BASELINE_MARGIN.csv,YES,966,시나리오별 재표집 표준편차(delta_resample_sd) — 사전 등록 한도의 출처,go2_axis_bottleneck.py;go2_eval_resolution.py;go2_fact_rules_spec.py;go2_reference_compass.py;go2_role_regression.py;go2,test_go2_a033_reward_campaign_contract.py;test_go2_claim_check_contract.py;test_go2_g_a038_campaign_contract.py;test_go2_g_a039_campaign_contract.py;test_go2_g_,GO2_A038_REREAD_20260919.md;GO2_AXIS_BOTTLENECK.md;GO2_PROJECT_STATE.md;GO2_REFERENCE_COMPASS.md;GO2_ROLE_REGRESSION_CASES.md;GO2_ROLE_SITUATION_EXAM.md;GO2_SEED_SENSITIVITY.md;GO2_STAIRS_BEHAVIOR_ANA
회차 원장,예측,workspace/training/quadruped/reports/runs/DIAL_MODEL.csv,YES,3120,반박된 모델(REFUTED_BY_G_A038) — 근거로 쓰지 않는다,go2_dial_model.py;go2_reference_compass.py;go2_table_audit.py,test_go2_claim_check_contract.py;test_go2_detectability_gate.py,GO2_REFERENCE_COMPASS.md;GO2_TUNING_POLICY_READOUT_20260918.md;go2-analyst.md;go2-auditor.md;go2_dial_model.py;go2_reference_compass.py;go2_table_audit.py
회차 원장,측정,workspace/training/quadruped/reports/runs/LEDGER.csv,YES,8184,"열: seq,occurred,run,kind,track_lin_vel_xy_exp,feet_air_time,lin_vel_z_l2,ang_vel_xy_l2,action_rate_l2,flat_orientation_l2,i",build_go2_run_reports.py;go2_role_regression.py;go2_role_situation_exam.py,test_go2_ang_vel_relax_audit_contract.py;test_go2_claim_check_contract.py;test_go2_detectability_gate.py,GO2_A038_REREAD_20260919.md;GO2_ANG_VEL_RELAX_AUDIT_20260920.md;GO2_REFERENCE_COMPASS.md;GO2_ROLE_REGRESSION_CASES.md;GO2_ROLE_SITUATION_EXAM.md;GO2_RUN_SYNTHESIS_20260916.md;GO2_TUNING_POLICY_READOUT
회차 원장,측정,workspace/training/quadruped/reports/runs/SCENARIO_SCORES.csv,YES,1763,"열: run,arm,instrument,G1,G2,G3,G4,G5,G6,G7,total_70,tracking_xy_rmse_mean,G1_deduction,G2_deduction,G3_deduction,G4_deducti",build_go2_run_reports.py;go2_claim_check.py;go2_table_audit.py,test_go2_axis_bottleneck_contract.py;test_go2_claim_check_contract.py;test_go2_stairs_behavior_contract.py,GO2_NOW.md;GO2_REFERENCE_COMPASS.md;GO2_STAIRS_BEHAVIOR_ANALYSIS_20260916.md;GO2_TUNING_POLICY_READOUT_20260918.md;build_go2_run_reports.py;go2-analyst.md;go2-auditor.md;go2-planner.md;go2_claim_check
회차 원장,측정,workspace/training/quadruped/reports/runs/TERRAIN_AT_PIN.csv,YES,3723,"열: run,iteration,terrain,terrain_mean_last10",build_go2_run_reports.py;build_go2_training_length_campaign.py;go2_g_a038_readout.py;go2_role_regression.py;go2_seed_sen,test_go2_canonical_consistency.py;test_go2_g_a038_readout_contract.py;test_go2_plan_assessment_contract.py,GO2_A038_REREAD_20260919.md;GO2_G_A038_READOUT.md;GO2_NOW.md;GO2_REFERENCE_COMPASS.md;GO2_ROLE_REGRESSION_CASES.md;GO2_TUNING_POLICY_READOUT_20260918.md;build_go2_run_reports.py;build_go2_training_len
회차 원장,이득구간,workspace/training/quadruped/reports/runs/TIER1_REGRESSION.csv,YES,947,tier1 비열등 한도 대비 회귀,go2_reference_compass.py;go2_table_audit.py;go2_tier1_regression.py,test_go2_claim_check_contract.py,GO2_REFERENCE_COMPASS.md;go2_reference_compass.py;go2_table_audit.py;go2_tier1_regression.py
회차 원장,문서,workspace/training/quadruped/reports/runs/INDEX.md,YES,4532,`workspace/_keep` 산출물에서 생성했다. 판정은 담지 않는다 — 측정만 담는다.,build_go2_run_reports.py;go2_claim_check.py;go2_reference_compass.py;go2_seed_sensitivity.py,test_go2_plan_assessment_contract.py,GO2_NOW.md;GO2_REFERENCE_COMPASS.md;GO2_REWARD_EVIDENCE_MASTER.md;GO2_RUN_SYNTHESIS_20260916.md;GO2_SEED_SENSITIVITY.md;build_go2_run_reports.py;go2-analyst.md;go2-auditor.md;go2-planner.md;go2_claim_
회차 원장,문서,workspace/training/quadruped/reports/runs/CHRONOLOGY.md,YES,3990,`tools/build_go2_run_reports.py`가 산출물에서 생성한다. 사람이 고치지 않는다.,build_go2_run_reports.py;go2_reference_compass.py,,GO2_REFERENCE_COMPASS.md;GO2_RUN_SYNTHESIS_20260916.md;build_go2_run_reports.py;go2-auditor.md;go2_reference_compass.py
증거 CSV,문서,workspace/training/quadruped/reports/evidence/go2_a038_reread_20260919,YES,11,"인용 문서: ARTIFACT_MANAGEMENT.md, GO2_A038_REREAD_20260919.md, GO2_REFERENCE_COMPASS.md, README.md",build_go2_a033_reward_package.py;go2_a038_reread.py;go2_claim_check.py,test_go2_ang_vel_relax_audit_contract.py,ARTIFACT_MANAGEMENT.md;GO2_A038_REREAD_20260919.md;GO2_REFERENCE_COMPASS.md;README.md;build_go2_a033_reward_package.py;go2_a038_reread.py;go2_claim_check.py
증거 CSV,측정,workspace/training/quadruped/reports/evidence/go2_a038_reread_20260919/AXIS_RECON.csv,YES,4968,"열: arm,axis,weight,variant,uses_completion_factor,pairs_required,pairs_present,axis_scorable,axis_proxy_min,worst_case,wors",go2_a038_reread.py;go2_claim_check.py,,GO2_A038_REREAD_20260919.md;GO2_REFERENCE_COMPASS.md;README.md;go2_a038_reread.py;go2_claim_check.py
증거 CSV,측정,workspace/training/quadruped/reports/evidence/go2_a038_reread_20260919/CASE_SUMMARY.csv,YES,19557,"열: arm,seed,case,summary_present,summary_path,survival_proxy,survival_proxy_v1,survival_proxy_v2,survival_proxy_source,trac",go2_a038_reread.py;go2_claim_check.py,,GO2_A038_REREAD_20260919.md;GO2_REFERENCE_COMPASS.md;README.md;go2_a038_reread.py;go2_claim_check.py
증거 CSV,측정,workspace/training/quadruped/reports/evidence/go2_a038_reread_20260919/CLIMB_COUNT.csv,YES,574,"열: arm,seed,case,height_key,terrain_start_m,direction,robots,ge1,ge2,full",build_go2_a033_reward_package.py;go2_a038_reread.py;go2_claim_check.py,test_go2_ang_vel_relax_audit_contract.py,GO2_A038_REREAD_20260919.md;GO2_REFERENCE_COMPASS.md;README.md;build_go2_a033_reward_package.py;go2_a038_reread.py;go2_claim_check.py
증거 CSV,측정,workspace/training/quadruped/reports/evidence/go2_a038_reread_20260919/FALL_CHANNEL_PER_ENV.csv,YES,39549,"열: arm,seed,case,env_id,fall_by_height_channel,fall_by_tilt_channel,fall_by_either,max_continuous_low_height_s,max_continuo",go2_a038_reread.py,,GO2_A038_REREAD_20260919.md;GO2_G_A041_READOUT.md;GO2_REFERENCE_COMPASS.md;README.md;go2_a038_reread.py
증거 CSV,측정,workspace/training/quadruped/reports/evidence/go2_a038_reread_20260919/FALL_CHANNEL_ROLLUP.csv,YES,1069,"열: arm,seed,case,n_envs,envs_fall_height_only,envs_fall_tilt_only,envs_fall_both_channels,envs_fall_either,max_terrain_z_sp",build_go2_a033_reward_package.py;go2_a038_reread.py;go2_claim_check.py,,ARTIFACT_MANAGEMENT.md;GO2_A038_REREAD_20260919.md;GO2_G_A041_READOUT.md;GO2_REFERENCE_COMPASS.md;README.md;build_go2_a033_reward_package.py;go2_a038_reread.py;go2_claim_check.py
증거 CSV,측정,workspace/training/quadruped/reports/evidence/go2_a038_reread_20260919/ROUGH_LATERAL_PER_ENV.csv,YES,64908,"열: arm,seed,case,env_id,rows,upright_frac,height_rel_mean,height_rel_min,height_rel_mean_last200,proj_grav_z_mean,proj_grav",go2_a038_reread.py,,GO2_A038_REREAD_20260919.md;GO2_REFERENCE_COMPASS.md;README.md;go2_a038_reread.py
증거 CSV,측정,workspace/training/quadruped/reports/evidence/go2_a038_reread_20260919/ROUGH_LATERAL_ROLLUP.csv,YES,1698,"열: arm,seed,case,n_envs,envs_terminated,envs_base_contact,envs_upright_frac_ge_0p9,envs_hr_last200_below_gate,envs_tilted_l",build_go2_a033_reward_package.py;go2_a038_reread.py;go2_claim_check.py,,GO2_A038_REREAD_20260919.md;GO2_REFERENCE_COMPASS.md;README.md;build_go2_a033_reward_package.py;go2_a038_reread.py;go2_claim_check.py
증거 CSV,측정,workspace/training/quadruped/reports/evidence/go2_a038_reread_20260919/STAIRS10_PER_ENV.csv,YES,68055,"열: arm,seed,case,env_id,rows,upright_frac,height_rel_mean,height_rel_min,height_rel_mean_last200,proj_grav_z_mean,proj_grav",go2_a038_reread.py,,GO2_A038_REREAD_20260919.md;GO2_REFERENCE_COMPASS.md;README.md;go2_a038_reread.py
증거 CSV,측정,workspace/training/quadruped/reports/evidence/go2_a038_reread_20260919/STAIRS10_ROLLUP.csv,YES,1704,"열: arm,seed,case,n_envs,envs_terminated,envs_base_contact,envs_upright_frac_ge_0p9,envs_hr_last200_below_gate,envs_tilted_l",build_go2_a033_reward_package.py;go2_a038_reread.py;go2_claim_check.py,,GO2_A038_REREAD_20260919.md;GO2_REFERENCE_COMPASS.md;README.md;build_go2_a033_reward_package.py;go2_a038_reread.py;go2_claim_check.py
증거 CSV,측정,workspace/training/quadruped/reports/evidence/go2_a038_reread_20260919/STAIRS10_TIME_PROFILE.csv,YES,8894,"열: arm,seed,case,step_bin_start,step_bin_end,height_rel_median,height_rel_mean,proj_grav_z_mean,speed_xy_mean,terrain_z_mea",go2_a038_reread.py;go2_claim_check.py,,GO2_A038_REREAD_20260919.md;GO2_REFERENCE_COMPASS.md;README.md;go2_a038_reread.py;go2_claim_check.py
증거 CSV,문서,workspace/training/quadruped/reports/evidence/go2_a041_20260921,YES,10,"인용 문서: GO2_G_A041_READOUT.md, GO2_REFERENCE_COMPASS.md",,,GO2_G_A041_READOUT.md;GO2_REFERENCE_COMPASS.md
증거 CSV,측정,workspace/training/quadruped/reports/evidence/go2_a041_20260921/FALL_CHANNEL_PER_ENV.csv,YES,39632,"열: arm,seed,case,env_id,fall_by_height_channel,fall_by_tilt_channel,fall_by_either,max_continuous_low_height_s,max_continuo",go2_a038_reread.py,,GO2_A038_REREAD_20260919.md;GO2_G_A041_READOUT.md;GO2_REFERENCE_COMPASS.md;README.md;go2_a038_reread.py
증거 CSV,측정,workspace/training/quadruped/reports/evidence/go2_a041_20260921/FALL_CHANNEL_ROLLUP.csv,YES,1073,"열: arm,seed,case,n_envs,envs_fall_height_only,envs_fall_tilt_only,envs_fall_both_channels,envs_fall_either,max_terrain_z_sp",build_go2_a033_reward_package.py;go2_a038_reread.py;go2_claim_check.py,,ARTIFACT_MANAGEMENT.md;GO2_A038_REREAD_20260919.md;GO2_G_A041_READOUT.md;GO2_REFERENCE_COMPASS.md;README.md;build_go2_a033_reward_package.py;go2_a038_reread.py;go2_claim_check.py
증거 CSV,문서,workspace/training/quadruped/reports/evidence/go2_axis_bottleneck_20260919,YES,1,"인용 문서: GO2_AXIS_BOTTLENECK.md, GO2_REFERENCE_COMPASS.md",go2_axis_bottleneck.py;go2_claim_check.py,test_go2_plan_assessment_contract.py,GO2_AXIS_BOTTLENECK.md;GO2_REFERENCE_COMPASS.md;go2_axis_bottleneck.py;go2_claim_check.py
증거 CSV,측정,workspace/training/quadruped/reports/evidence/go2_axis_bottleneck_20260919/AXIS_BOTTLENECK.csv,YES,12917,"열: section,axis,case,seed,survival_v1,survival_v2,survival,xy_rmse,tracking_xy,progress_m,expected_m,completion,tracking,pr",go2_axis_bottleneck.py;go2_claim_check.py,test_go2_axis_bottleneck_contract.py;test_go2_claim_check_contract.py;test_go2_plan_assessment_contract.py,GO2_AXIS_BOTTLENECK.md;GO2_REFERENCE_COMPASS.md;go2_axis_bottleneck.py;go2_claim_check.py
외부 기준 원문,원문,workspace/training/quadruped/reports/evidence/go2_curriculum_source_20260918,YES,8,Isaac Lab v2.3.1 원문 6개 + URL·SHA256,go2_curriculum_facts.py;go2_role_regression.py,,GO2_NOW.md;GO2_REFERENCE_COMPASS.md;GO2_REWARD_EVIDENCE_MASTER.md;GO2_ROLE_REGRESSION_CASES.md;go2-auditor.md;go2-planner.md;go2_curriculum_facts.py;go2_role_regression.py
외부 기준 원문,원문,workspace/training/quadruped/reports/evidence/go2_curriculum_source_20260918/isaaclab_tasks_go2_agents_rsl_rl_ppo_cfg.py,YES,1494,UnitreeGo2RoughPPORunnerCfg.max_iterations = 1500 (flat 300),go2_curriculum_facts.py,,GO2_REFERENCE_COMPASS.md;go2-auditor.md;go2_curriculum_facts.py
외부 기준 원문,원문,workspace/training/quadruped/reports/evidence/go2_curriculum_source_20260918/isaaclab_tasks_locomotion_velocity_mdp_curriculums.py,YES,2414,terrain_levels_vel: 이동 거리 > size[0]/2 면 승급,go2_curriculum_facts.py,,GO2_REFERENCE_COMPASS.md;go2-auditor.md;go2_curriculum_facts.py
외부 기준 원문,원문,workspace/training/quadruped/reports/evidence/go2_curriculum_source_20260918/isaaclab_terrains_config_rough.py,YES,1830,ROUGH_TERRAINS_CFG: num_rows 10·num_cols 20,go2_curriculum_facts.py,,GO2_REFERENCE_COMPASS.md;go2-auditor.md;go2_curriculum_facts.py
외부 기준 원문,원문,workspace/training/quadruped/reports/evidence/go2_curriculum_source_20260918/isaaclab_terrains_terrain_generator.py,YES,19401,difficulty = (sub_row + uniform()) / num_rows — 행 번호 → 난이도,go2_curriculum_facts.py,,GO2_REFERENCE_COMPASS.md;go2-auditor.md;go2_curriculum_facts.py
외부 기준 원문,원문,workspace/training/quadruped/reports/evidence/go2_curriculum_source_20260918/isaaclab_terrains_terrain_importer.py,YES,16702,지형 커리큘럼 승급·강등과 마지막 레벨 도달 로봇의 무작위 재배치(314-321행),go2_curriculum_facts.py,test_go2_curriculum_facts_contract.py,GO2_REFERENCE_COMPASS.md;go2-auditor.md;go2-planner.md;go2_curriculum_facts.py
외부 기준 원문,원문,workspace/training/quadruped/reports/evidence/go2_curriculum_source_20260918/isaaclab_terrains_trimesh_mesh_terrains.py,YES,39231,step_height = lo + difficulty*(hi-lo) — 난이도 → 실제 계단 높이,,,GO2_REFERENCE_COMPASS.md;go2-auditor.md
외부 기준 원문,원문,workspace/training/quadruped/reports/evidence/go2_curriculum_source_20260918/CURRICULUM_FACTS.csv,YES,3321,Isaac Lab 원문을 파싱해 뽑은 커리큘럼 사실표(행별 계단 높이·학습 길이·평균 레벨 한계),go2_curriculum_facts.py;go2_reference_compass.py;go2_role_regression.py,test_go2_curriculum_facts_contract.py,GO2_REFERENCE_COMPASS.md;GO2_REWARD_EVIDENCE_MASTER.md;GO2_ROLE_REGRESSION_CASES.md;go2_curriculum_facts.py;go2_reference_compass.py;go2_role_regression.py
외부 기준 원문,원문,workspace/training/quadruped/reports/evidence/go2_curriculum_source_20260918/SOURCES.csv,YES,2003,보관한 외부 원문의 URL·SHA256 목록 — 원문이 진짜인지 여기서 대조한다,go2_curriculum_facts.py;go2_reference_compass.py;go2_role_regression.py;go2_tuning_base_data.py,test_go2_canonical_consistency.py;test_go2_curriculum_facts_contract.py,GO2_PROJECT_STATE.md;GO2_REFERENCE_COMPASS.md;GO2_REWARD_EVIDENCE_MASTER.md;GO2_ROLE_REGRESSION_CASES.md;GO2_TUNING_BASE_DATA.md;go2-auditor.md;go2-planner.md;go2_curriculum_facts.py;go2_reference_com
증거 CSV,문서,workspace/training/quadruped/reports/evidence/go2_default_vs_pilot_260901,YES,6,"인용 문서: ARTIFACT_MANAGEMENT.md, GO2_DEFAULT_VS_PILOT_ANALYSIS_260901.md, GO2_OPUS_REAUDIT_INDEPENDENT_260907.md, GO2_PROJECT_STATE.md, GO2_REFERENCE_COMPASS.md",,,ARTIFACT_MANAGEMENT.md;GO2_DEFAULT_VS_PILOT_ANALYSIS_260901.md;GO2_OPUS_REAUDIT_INDEPENDENT_260907.md;GO2_PROJECT_STATE.md;GO2_REFERENCE_COMPASS.md
증거 CSV,문서,workspace/training/quadruped/reports/evidence/go2_defect_ledger,YES,1,"인용 문서: GO2_ANG_VEL_RELAX_AUDIT_20260920.md, GO2_DEFECT_LEDGER.md, GO2_REFERENCE_COMPASS.md, go2-auditor.md",go2_claim_check.py;go2_defect_ledger.py;go2_pm_brief.py,test_go2_claim_check_contract.py;test_go2_defect_ledger_contract.py;test_go2_plan_assessment_contract.py;test_go2_pm_brief_contract.py,GO2_ANG_VEL_RELAX_AUDIT_20260920.md;GO2_DEFECT_LEDGER.md;GO2_REFERENCE_COMPASS.md;go2-auditor.md;go2_claim_check.py;go2_defect_ledger.py;go2_pm_brief.py
증거 CSV,측정,workspace/training/quadruped/reports/evidence/go2_defect_ledger/DEFECTS.csv,YES,28851,"열: section,id,found_on,found_by,confidence,severity,status,where,what,repro,repro_expect,verbatim,source_checked,origin_fix",go2_claim_check.py;go2_defect_ledger.py,test_go2_plan_assessment_contract.py,GO2_DEFECT_LEDGER.md;GO2_REFERENCE_COMPASS.md;go2_claim_check.py;go2_defect_ledger.py
증거 CSV,문서,workspace/training/quadruped/reports/evidence/go2_fact_rules_20260917,YES,2,"인용 문서: GO2_A038_REREAD_20260919.md, GO2_NOW.md, GO2_REFERENCE_COMPASS.md, GO2_ROLE_SITUATION_EXAM.md, GO2_SEED_SENSITIVITY.md, GO2_TUNING_POLICY_READOUT_20260918.md, README.md, go2-analyst.md, go2-auditor.md",go2_claim_check.py;go2_fact_rules_spec.py;go2_role_situation_exam.py;go2_seed_sensitivity.py,,GO2_A038_REREAD_20260919.md;GO2_NOW.md;GO2_REFERENCE_COMPASS.md;GO2_ROLE_SITUATION_EXAM.md;GO2_SEED_SENSITIVITY.md;GO2_TUNING_POLICY_READOUT_20260918.md;README.md;go2-analyst.md;go2-auditor.md;go2_cla
증거 CSV,이득구간,workspace/training/quadruped/reports/evidence/go2_fact_rules_20260917/CLIMB_GUARD.csv,YES,265,계단 오른 로봇 수 하한(묶음별 baseline_sum·max_drop),go2_claim_check.py;go2_fact_rules_spec.py;go2_reference_compass.py;go2_role_situation_exam.py,,GO2_A038_REREAD_20260919.md;GO2_NOW.md;GO2_REFERENCE_COMPASS.md;GO2_ROLE_SITUATION_EXAM.md;GO2_TUNING_POLICY_READOUT_20260918.md;README.md;go2-analyst.md;go2-auditor.md;go2_claim_check.py;go2_fact_rul
증거 CSV,측정,workspace/training/quadruped/reports/evidence/go2_fact_rules_20260917/TARGET_GROUP_FLOOR.csv,YES,2095,"열: spec,group,case,n,survival,tracking,proxy,floor",go2_fact_rules_spec.py,,GO2_REFERENCE_COMPASS.md;go2_fact_rules_spec.py
증거 CSV,문서,workspace/training/quadruped/reports/evidence/go2_g_a038_readout_20260917,YES,10,"인용 문서: GO2_G_A038_READOUT.md, GO2_REFERENCE_COMPASS.md, GO2_ROLE_REGRESSION_CASES.md, GO2_TUNING_POLICY_READOUT_20260918.md, go2-auditor.md",go2_claim_check.py;go2_g_a038_readout.py;go2_reward_mechanism.py;go2_role_regression.py,,GO2_G_A038_READOUT.md;GO2_REFERENCE_COMPASS.md;GO2_ROLE_REGRESSION_CASES.md;GO2_TUNING_POLICY_READOUT_20260918.md;go2-auditor.md;go2_claim_check.py;go2_g_a038_readout.py;go2_reward_mechanism.py;go2_ro
증거 CSV,측정,workspace/training/quadruped/reports/evidence/go2_g_a038_readout_20260917/CURRICULUM_LAG.csv,YES,192,"열: iteration,g_a033_terrain,g_a038_terrain,delta,is_eval_checkpoint",go2_claim_check.py;go2_g_a038_readout.py;go2_role_regression.py,test_go2_g_a038_readout_contract.py,GO2_G_A038_READOUT.md;GO2_REFERENCE_COMPASS.md;GO2_ROLE_REGRESSION_CASES.md;GO2_TUNING_POLICY_READOUT_20260918.md;go2_claim_check.py;go2_g_a038_readout.py;go2_role_regression.py
증거 CSV,측정,workspace/training/quadruped/reports/evidence/go2_g_a038_readout_20260917/FINGERPRINT.csv,YES,1890,"열: check,expected,observed,ok",go2_g_a038_readout.py,test_go2_g_a038_readout_contract.py,GO2_G_A038_READOUT.md;GO2_REFERENCE_COMPASS.md;go2_g_a038_readout.py
증거 CSV,측정,workspace/training/quadruped/reports/evidence/go2_g_a038_readout_20260917/FLAT_NOMINAL.csv,YES,302,"열: arm,case,survival_proxy,tracking_proxy,scenario_proxy,tracking_xy_rmse,speed_xy_mean,height_rel_mean,posture_falls,termi",go2_g_a038_readout.py;go2_reward_mechanism.py,test_go2_g_a038_readout_contract.py,GO2_G_A038_READOUT.md;GO2_REFERENCE_COMPASS.md;go2_g_a038_readout.py;go2_reward_mechanism.py
증거 CSV,예측,workspace/training/quadruped/reports/evidence/go2_g_a038_readout_20260917/FORECAST_CHECK.csv,YES,215,예측 방향과 관측 방향의 사후 대조표,go2_claim_check.py;go2_g_a038_readout.py;go2_reference_compass.py;go2_reward_mechanism.py,test_go2_g_a038_readout_contract.py,GO2_G_A038_READOUT.md;GO2_REFERENCE_COMPASS.md;go2_claim_check.py;go2_g_a038_readout.py;go2_reference_compass.py;go2_reward_mechanism.py
증거 CSV,측정,workspace/training/quadruped/reports/evidence/go2_g_a038_readout_20260917/GUARD_BOUNDS.csv,YES,455,"열: scenario,g_a033_scenario_proxy,g_a033_worst_case,weight,g_a038_measured_cases,g_a038_scenario_proxy_upper_bound,loss_low",go2_claim_check.py;go2_g_a038_readout.py,test_go2_g_a038_readout_contract.py,GO2_G_A038_READOUT.md;GO2_REFERENCE_COMPASS.md;go2_claim_check.py;go2_g_a038_readout.py
증거 CSV,측정,workspace/training/quadruped/reports/evidence/go2_g_a038_readout_20260917/REPORT_VALUES.csv,YES,6027,"열: key,shown",go2_claim_check.py;go2_g_a038_readout.py,test_go2_claim_check_contract.py;test_go2_g_a038_readout_contract.py,GO2_REFERENCE_COMPASS.md;go2_claim_check.py;go2_g_a038_readout.py
증거 CSV,측정,workspace/training/quadruped/reports/evidence/go2_g_a038_readout_20260917/SENTINEL.csv,YES,422,"열: case,survival_now,survival_stored,tracking_now,tracking_stored,ruler_fields_differ,case_faults,agrees",go2_g_a038_readout.py,test_go2_g_a038_readout_contract.py,GO2_G_A038_READOUT.md;GO2_REFERENCE_COMPASS.md;go2_g_a038_readout.py
증거 CSV,측정,workspace/training/quadruped/reports/evidence/go2_g_a038_readout_20260917/STAIRS_10_CLIMB_TIMELINE.csv,YES,3922,"열: arm,seed,t_from_s,t_to_s,upright_fraction,height_rel_mean,speed_xy_mean,proj_grav_z_mean,rows",go2_g_a038_readout.py,test_go2_g_a038_readout_contract.py,GO2_G_A038_READOUT.md;GO2_REFERENCE_COMPASS.md;go2_g_a038_readout.py
증거 CSV,측정,workspace/training/quadruped/reports/evidence/go2_g_a038_readout_20260917/TARGET_CASES.csv,YES,1551,"열: group,case,proxy_g_a033,proxy_g_a038,delta,survival_g_a033,survival_g_a038,tracking_g_a033,tracking_g_a038,posture_falls",go2_g_a038_readout.py,test_go2_g_a038_readout_contract.py,GO2_G_A038_READOUT.md;GO2_REFERENCE_COMPASS.md;go2_g_a038_readout.py
증거 CSV,측정,workspace/training/quadruped/reports/evidence/go2_g_a038_readout_20260917/TARGET_SUMMARY.csv,YES,279,"열: item,value",go2_g_a038_readout.py,test_go2_g_a038_readout_contract.py,GO2_G_A038_READOUT.md;GO2_REFERENCE_COMPASS.md;go2_g_a038_readout.py
증거 CSV,문서,workspace/training/quadruped/reports/evidence/go2_open_decisions_20260918,YES,1,"인용 문서: GO2_OPEN_DECISIONS.md, GO2_REFERENCE_COMPASS.md",go2_open_decisions.py,,GO2_OPEN_DECISIONS.md;GO2_REFERENCE_COMPASS.md;go2_open_decisions.py
증거 CSV,측정,workspace/training/quadruped/reports/evidence/go2_open_decisions_20260918/DECISIONS.csv,YES,2673,"열: id,question,our_reading,direction,applies_to_change_class,evidence_source,evidence_literal,dependents,status,why_it_matt",go2_open_decisions.py,test_go2_open_decisions_contract.py,GO2_OPEN_DECISIONS.md;GO2_REFERENCE_COMPASS.md;go2_open_decisions.py
증거 CSV,문서,workspace/training/quadruped/reports/evidence/go2_pilot_v2_baseline_260903,YES,4,"인용 문서: GO2_PROJECT_STATE.md, GO2_REFERENCE_COMPASS.md",,,GO2_PROJECT_STATE.md;GO2_REFERENCE_COMPASS.md
증거 CSV,문서,workspace/training/quadruped/reports/evidence/go2_pm_brief,YES,1,"인용 문서: GO2_PM_BRIEF.md, GO2_REFERENCE_COMPASS.md",go2_claim_check.py;go2_pm_brief.py,test_go2_claim_check_contract.py;test_go2_pm_brief_contract.py,GO2_PM_BRIEF.md;GO2_REFERENCE_COMPASS.md;go2_claim_check.py;go2_pm_brief.py
증거 CSV,측정,workspace/training/quadruped/reports/evidence/go2_pm_brief/BRIEF.csv,YES,2018,"열: section,key,value",go2_claim_check.py;go2_pm_brief.py,test_go2_claim_check_contract.py,GO2_PM_BRIEF.md;GO2_REFERENCE_COMPASS.md;go2_claim_check.py;go2_pm_brief.py
증거 CSV,문서,workspace/training/quadruped/reports/evidence/go2_reference_compass_20260918,YES,1,"인용 문서: GO2_REFERENCE_COMPASS.md, go2-auditor.md, go2-planner.md",go2_reference_compass.py,,GO2_REFERENCE_COMPASS.md;go2-auditor.md;go2-planner.md;go2_reference_compass.py
증거 CSV,측정,workspace/training/quadruped/reports/evidence/go2_reference_compass_20260918/COMPASS.csv,YES,self,"열: group,kind,path,exists,size_or_files,why_as_recorded,generator,contract_tests,cited_by",go2_reference_compass.py,test_go2_reference_compass_contract.py,GO2_REFERENCE_COMPASS.md;go2-auditor.md;go2-planner.md;go2_reference_compass.py
증거 CSV,문서,workspace/training/quadruped/reports/evidence/go2_reward_mechanism_20260917,YES,6,"인용 문서: ARTIFACT_MANAGEMENT.md, GO2_ANG_VEL_RELAX_AUDIT_20260920.md, GO2_NOW.md, GO2_PROJECT_STATE.md, GO2_REFERENCE_COMPASS.md, GO2_REWARD_MECHANISM_FORECAST.md, GO2_ROLE_REGRESSION_CASES.md, GO2_ROLE_SITUATION_EXAM.md, go2-analyst.md, go2-auditor.md",build_go2_a033_reward_package.py;go2_claim_check.py;go2_reward_mechanism.py;go2_role_regression.py;go2_role_situation_ex,test_go2_ang_vel_relax_audit_contract.py;test_go2_detectability_gate.py,ARTIFACT_MANAGEMENT.md;GO2_ANG_VEL_RELAX_AUDIT_20260920.md;GO2_NOW.md;GO2_PROJECT_STATE.md;GO2_REFERENCE_COMPASS.md;GO2_REWARD_MECHANISM_FORECAST.md;GO2_ROLE_REGRESSION_CASES.md;GO2_ROLE_SITUATION_EXA
증거 CSV,예측,workspace/training/quadruped/reports/evidence/go2_reward_mechanism_20260917/PROBE_SITUATIONS.csv,YES,1110,같은 계산의 네 구간(걷기·계단·흔들림·밀침) 분해. 빈 칸은 0 이 아니라 측정 없음,build_go2_a033_reward_package.py;go2_claim_check.py;go2_defect_ledger.py;go2_g_a038_readout.py;go2_reference_compass.py;,test_go2_ang_vel_relax_audit_contract.py;test_go2_detectability_gate.py;test_go2_g_a038_campaign_contract.py;test_go2_g_a039_campaign_contract.py;test_go2_g_a04,ARTIFACT_MANAGEMENT.md;GO2_ANG_VEL_RELAX_AUDIT_20260920.md;GO2_DEFECT_LEDGER.md;GO2_PROJECT_STATE.md;GO2_REFERENCE_COMPASS.md;GO2_REWARD_MECHANISM_FORECAST.md;GO2_ROLE_REGRESSION_CASES.md;build_go2_a0
증거 CSV,예측,workspace/training/quadruped/reports/evidence/go2_reward_mechanism_20260917/PROBES.csv,YES,1770,가중치를 바꿨을 때 걷기 margin 이 어디로 가는지 — 보상 산술 계산,build_go2_a033_reward_package.py;go2_claim_check.py;go2_reference_compass.py;go2_reward_mechanism.py;go2_seed_sensitivit,test_go2_ang_vel_relax_audit_contract.py;test_go2_g_a038_campaign_contract.py;test_go2_g_a039_campaign_contract.py;test_go2_g_a041_campaign_contract.py;test_go2,GO2_ANG_VEL_RELAX_AUDIT_20260920.md;GO2_REFERENCE_COMPASS.md;GO2_REWARD_MECHANISM_FORECAST.md;build_go2_a033_reward_package.py;go2-analyst.md;go2-auditor.md;go2_claim_check.py;go2_reference_compass.py
증거 CSV,예측,workspace/training/quadruped/reports/evidence/go2_reward_mechanism_20260917/RUN_MARGIN.csv,YES,2159,회차별 걷기 margin — 학습 로그 원값에 보상 식을 적용한 계산값,build_go2_a033_reward_package.py;go2_claim_check.py;go2_reference_compass.py;go2_reward_mechanism.py;go2_role_regression,test_go2_g_a038_campaign_contract.py;test_go2_reward_mechanism_contract.py,GO2_NOW.md;GO2_REFERENCE_COMPASS.md;GO2_REWARD_MECHANISM_FORECAST.md;GO2_ROLE_REGRESSION_CASES.md;GO2_ROLE_SITUATION_EXAM.md;build_go2_a033_reward_package.py;go2-auditor.md;go2_claim_check.py;go2_refe
증거 CSV,측정,workspace/training/quadruped/reports/evidence/go2_reward_mechanism_20260917/SITUATIONS.csv,YES,1362,"열: policy,situation,group,robots,track_lin_vel_xy_exp,track_ang_vel_z_exp,lin_vel_z_l2,flat_orientation_l2,ang_vel_xy_l2",build_go2_a033_reward_package.py;go2_claim_check.py;go2_defect_ledger.py;go2_g_a038_readout.py;go2_reference_compass.py;,test_go2_ang_vel_relax_audit_contract.py;test_go2_detectability_gate.py;test_go2_g_a038_campaign_contract.py;test_go2_g_a039_campaign_contract.py;test_go2_g_a04,ARTIFACT_MANAGEMENT.md;GO2_ANG_VEL_RELAX_AUDIT_20260920.md;GO2_DEFECT_LEDGER.md;GO2_PROJECT_STATE.md;GO2_REFERENCE_COMPASS.md;GO2_REWARD_MECHANISM_FORECAST.md;GO2_ROLE_REGRESSION_CASES.md;build_go2_a0
증거 CSV,측정,workspace/training/quadruped/reports/evidence/go2_reward_mechanism_20260917/TERM_VALUES.csv,YES,11500,"열: name,run,term,weight,logged,value,walking,terrain_level",build_go2_a033_reward_package.py;go2_claim_check.py;go2_defect_ledger.py;go2_reward_mechanism.py;go2_role_situation_exam,test_go2_detectability_gate.py;test_go2_g_a039_campaign_contract.py;test_go2_reward_mechanism_contract.py,GO2_DEFECT_LEDGER.md;GO2_NOW.md;GO2_REFERENCE_COMPASS.md;GO2_REWARD_MECHANISM_FORECAST.md;GO2_ROLE_SITUATION_EXAM.md;build_go2_a033_reward_package.py;go2-auditor.md;go2_claim_check.py;go2_defect_ledge
증거 CSV,측정,workspace/training/quadruped/reports/evidence/go2_reward_mechanism_20260917/TILT.csv,YES,3512,"열: name,case,seed,robots,terminated,tilt_mean,tilt_survivors,tilt_pre_term,pre_term_auc",build_go2_a033_reward_package.py;go2_claim_check.py;go2_reward_mechanism.py,test_go2_reward_mechanism_contract.py,ARTIFACT_MANAGEMENT.md;GO2_REFERENCE_COMPASS.md;GO2_REWARD_MECHANISM_FORECAST.md;build_go2_a033_reward_package.py;go2_claim_check.py;go2_reward_mechanism.py
외부 기준 원문,원문,workspace/training/quadruped/reports/evidence/go2_reward_term_roles_20260917,YES,7,Isaac Lab v2.3.1 원문 6개 + URL·SHA256,go2_reward_mechanism.py;go2_tuning_base_data.py,,GO2_PROJECT_STATE.md;GO2_REFERENCE_COMPASS.md;GO2_REWARD_EVIDENCE_MASTER.md;GO2_TUNING_BASE_DATA.md;go2-analyst.md;go2-auditor.md;go2-planner.md;go2_reward_mechanism.py;go2_tuning_base_data.py
외부 기준 원문,원문,workspace/training/quadruped/reports/evidence/go2_reward_term_roles_20260917/isaaclab_envs_mdp_rewards.py,YES,13711,원문 rewards.py,go2_tuning_base_data.py,,GO2_NOW.md;GO2_REFERENCE_COMPASS.md;GO2_TUNING_BASE_DATA.md;go2-analyst.md;go2-auditor.md;go2-planner.md;go2_tuning_base_data.py
외부 기준 원문,원문,workspace/training/quadruped/reports/evidence/go2_reward_term_roles_20260917/isaaclab_tasks_locomotion_velocity_mdp_rewards.py,YES,5472,원문 rewards.py,go2_tuning_base_data.py,,GO2_REFERENCE_COMPASS.md;GO2_TUNING_BASE_DATA.md;go2-auditor.md;go2_tuning_base_data.py
외부 기준 원문,원문,workspace/training/quadruped/reports/evidence/go2_reward_term_roles_20260917/isaaclab_tasks_locomotion_velocity_env_cfg.py,YES,11100,원문 velocity_env_cfg.py,go2_tuning_base_data.py,test_go2_tuning_base_data_contract.py,GO2_REFERENCE_COMPASS.md;GO2_TUNING_BASE_DATA.md;go2-auditor.md;go2_tuning_base_data.py
외부 기준 원문,원문,workspace/training/quadruped/reports/evidence/go2_reward_term_roles_20260917/isaaclab_managers_reward_manager.py,YES,9245,원문 reward_manager.py,go2_tuning_base_data.py,test_go2_reward_mechanism_contract.py;test_go2_tuning_base_data_contract.py,GO2_REFERENCE_COMPASS.md;GO2_TUNING_BASE_DATA.md;go2-auditor.md;go2_tuning_base_data.py
외부 기준 원문,원문,workspace/training/quadruped/reports/evidence/go2_reward_term_roles_20260917/isaaclab_tasks_go2_rough_env_cfg.py,YES,3464,원문 rough_env_cfg.py,go2_tuning_base_data.py,test_go2_canonical_consistency.py;test_go2_tuning_base_data_contract.py,GO2_REFERENCE_COMPASS.md;GO2_TUNING_BASE_DATA.md;go2-auditor.md;go2_tuning_base_data.py
외부 기준 원문,원문,workspace/training/quadruped/reports/evidence/go2_reward_term_roles_20260917/isaaclab_envs_mdp_terminations.py,YES,6833,원문 terminations.py,go2_tuning_base_data.py,,GO2_REFERENCE_COMPASS.md;GO2_TUNING_BASE_DATA.md;go2-auditor.md;go2_tuning_base_data.py
외부 기준 원문,원문,workspace/training/quadruped/reports/evidence/go2_reward_term_roles_20260917/SOURCES.csv,YES,1420,보관한 외부 원문의 URL·SHA256 목록 — 원문이 진짜인지 여기서 대조한다,go2_curriculum_facts.py;go2_reference_compass.py;go2_role_regression.py;go2_tuning_base_data.py,test_go2_canonical_consistency.py;test_go2_curriculum_facts_contract.py,GO2_PROJECT_STATE.md;GO2_REFERENCE_COMPASS.md;GO2_REWARD_EVIDENCE_MASTER.md;GO2_ROLE_REGRESSION_CASES.md;GO2_TUNING_BASE_DATA.md;go2-auditor.md;go2-planner.md;go2_curriculum_facts.py;go2_reference_com
증거 CSV,문서,workspace/training/quadruped/reports/evidence/go2_role_regression_20260918,YES,2,"인용 문서: GO2_DEFECT_LEDGER.md, GO2_REFERENCE_COMPASS.md, GO2_ROLE_REGRESSION_CASES.md, go2-auditor.md, go2-planner.md",go2_defect_ledger.py;go2_role_regression.py,test_go2_canonical_consistency.py,GO2_DEFECT_LEDGER.md;GO2_REFERENCE_COMPASS.md;GO2_ROLE_REGRESSION_CASES.md;go2-auditor.md;go2-planner.md;go2_defect_ledger.py;go2_role_regression.py
증거 CSV,측정,workspace/training/quadruped/reports/evidence/go2_role_regression_20260918/CASES.csv,YES,6779,"열: case,role,what_happened,why_wrong,refuting_source,correct_verdict,gate,fixture,machine_checkable",go2_defect_ledger.py;go2_g_a038_readout.py;go2_role_regression.py,test_go2_canonical_consistency.py;test_go2_g_a038_readout_contract.py;test_go2_role_regression_contract.py,GO2_DEFECT_LEDGER.md;GO2_G_A038_READOUT.md;GO2_REFERENCE_COMPASS.md;GO2_ROLE_REGRESSION_CASES.md;go2_defect_ledger.py;go2_g_a038_readout.py;go2_role_regression.py
증거 CSV,문서,workspace/training/quadruped/reports/evidence/go2_role_situation_exam_20260918,YES,1,"인용 문서: GO2_REFERENCE_COMPASS.md, GO2_ROLE_SITUATION_EXAM.md",go2_role_situation_exam.py,test_go2_canonical_consistency.py,GO2_REFERENCE_COMPASS.md;GO2_ROLE_SITUATION_EXAM.md;go2_role_situation_exam.py
증거 CSV,측정,workspace/training/quadruped/reports/evidence/go2_role_situation_exam_20260918/EXAM.csv,YES,6815,"열: item,axis,question,answer,key_regex,trap_regex,source,source_literal,why_it_matters",go2_role_situation_exam.py,test_go2_canonical_consistency.py;test_go2_role_situation_exam_contract.py,GO2_REFERENCE_COMPASS.md;GO2_ROLE_SITUATION_EXAM.md;go2_role_situation_exam.py
증거 CSV,문서,workspace/training/quadruped/reports/evidence/go2_seed_sensitivity_20260917,YES,5,"인용 문서: GO2_REFERENCE_COMPASS.md, GO2_REWARD_MECHANISM_FORECAST.md, GO2_SEED_SENSITIVITY.md, GO2_TUNING_POLICY_READOUT_20260918.md, go2-auditor.md",go2_claim_check.py;go2_reward_mechanism.py;go2_seed_sensitivity.py,,GO2_REFERENCE_COMPASS.md;GO2_REWARD_MECHANISM_FORECAST.md;GO2_SEED_SENSITIVITY.md;GO2_TUNING_POLICY_READOUT_20260918.md;go2-auditor.md;go2_claim_check.py;go2_reward_mechanism.py;go2_seed_sensitivity.p
증거 CSV,이득구간,workspace/training/quadruped/reports/evidence/go2_seed_sensitivity_20260917/BAND_RUNS.csv,YES,191,걷기/정지 경계대에 있는 회차 — 이 안의 차이는 seed 운과 구별되지 않는다,go2_claim_check.py;go2_reference_compass.py;go2_seed_sensitivity.py,test_go2_seed_sensitivity_contract.py,GO2_REFERENCE_COMPASS.md;GO2_SEED_SENSITIVITY.md;GO2_TUNING_POLICY_READOUT_20260918.md;go2_claim_check.py;go2_reference_compass.py;go2_seed_sensitivity.py
증거 CSV,이득구간,workspace/training/quadruped/reports/evidence/go2_seed_sensitivity_20260917/EVAL_SEED_SPREAD.csv,YES,783,평가 seed 사이 흔들림 폭 — 이 폭 안의 차이는 이득이 아니다,go2_claim_check.py;go2_reference_compass.py;go2_seed_sensitivity.py,test_go2_seed_sensitivity_contract.py,GO2_REFERENCE_COMPASS.md;GO2_SEED_SENSITIVITY.md;GO2_TUNING_POLICY_READOUT_20260918.md;go2_claim_check.py;go2_reference_compass.py;go2_seed_sensitivity.py
증거 CSV,측정,workspace/training/quadruped/reports/evidence/go2_seed_sensitivity_20260917/ONE_CHANGE_DRIFT.csv,YES,523,"열: from,to,change,margin_from,margin_to,margin_delta,terrain_999_from,terrain_999_to,terrain_delta,climb10_ge1_from,climb10",go2_claim_check.py;go2_reward_mechanism.py;go2_seed_sensitivity.py,test_go2_seed_sensitivity_contract.py,GO2_REFERENCE_COMPASS.md;GO2_REWARD_MECHANISM_FORECAST.md;GO2_SEED_SENSITIVITY.md;GO2_TUNING_POLICY_READOUT_20260918.md;go2-auditor.md;go2_claim_check.py;go2_reward_mechanism.py;go2_seed_sensitivity.p
증거 CSV,측정,workspace/training/quadruped/reports/evidence/go2_seed_sensitivity_20260917/SAME_SEED_REPEAT.csv,YES,218,"열: first,repeat,terrain_999_first,terrain_999_repeat,identical",go2_claim_check.py;go2_seed_sensitivity.py,test_go2_seed_sensitivity_contract.py,GO2_REFERENCE_COMPASS.md;GO2_SEED_SENSITIVITY.md;GO2_TUNING_POLICY_READOUT_20260918.md;go2_claim_check.py;go2_seed_sensitivity.py
증거 CSV,이득구간,workspace/training/quadruped/reports/evidence/go2_seed_sensitivity_20260917/TERM_HEADROOM.csv,YES,533,항별로 경계대까지 남은 거리(edge_over_value),go2_claim_check.py;go2_reference_compass.py;go2_seed_sensitivity.py,test_go2_seed_sensitivity_contract.py,GO2_REFERENCE_COMPASS.md;GO2_SEED_SENSITIVITY.md;go2_claim_check.py;go2_reference_compass.py;go2_seed_sensitivity.py
증거 CSV,문서,workspace/training/quadruped/reports/evidence/go2_stairs_behavior_20260916,YES,6,"인용 문서: GO2_PROJECT_STATE.md, GO2_REFERENCE_COMPASS.md, GO2_STAIRS_BEHAVIOR_ANALYSIS_20260916.md, GO2_TUNING_BASE_DATA.md, GO2_TUNING_POLICY_READOUT_20260918.md, go2-analyst.md, go2-auditor.md",build_go2_a033_reward_package.py;go2_claim_check.py;go2_seed_sensitivity.py;go2_stairs_behavior.py;go2_tuning_base_data.,test_go2_fact_rules_contract.py,GO2_PROJECT_STATE.md;GO2_REFERENCE_COMPASS.md;GO2_STAIRS_BEHAVIOR_ANALYSIS_20260916.md;GO2_TUNING_BASE_DATA.md;GO2_TUNING_POLICY_READOUT_20260918.md;build_go2_a033_reward_package.py;go2-analyst.md;go2
증거 CSV,측정,workspace/training/quadruped/reports/evidence/go2_stairs_behavior_20260916/CASE_BEHAVIOR.csv,YES,28944,"열: run,arm,case,seed,speed_xy_mean,height_rel_median,projected_progress_m,survival_proxy,tracking_xy_rmse,terminated_env_co",build_go2_a033_reward_package.py;go2_claim_check.py;go2_stairs_behavior.py;go2_tuning_base_data.py,test_go2_stairs_behavior_contract.py;test_go2_tuning_base_data_contract.py,GO2_PROJECT_STATE.md;GO2_REFERENCE_COMPASS.md;GO2_STAIRS_BEHAVIOR_ANALYSIS_20260916.md;GO2_TUNING_BASE_DATA.md;build_go2_a033_reward_package.py;go2_claim_check.py;go2_stairs_behavior.py;go2_tuning_bas
증거 CSV,측정,workspace/training/quadruped/reports/evidence/go2_stairs_behavior_20260916/CLIMB_REWARD.csv,YES,1039,"열: run,arm,case,group,robots,seconds_mean,track_rate,lin_vel_z_rate,sum_rate",build_go2_a033_reward_package.py;go2_claim_check.py;go2_reward_mechanism.py;go2_stairs_behavior.py;go2_tuning_base_data.,test_go2_a033_reward_campaign_contract.py;test_go2_reward_mechanism_contract.py;test_go2_stairs_behavior_contract.py,ARTIFACT_MANAGEMENT.md;GO2_PROJECT_STATE.md;GO2_REFERENCE_COMPASS.md;GO2_STAIRS_BEHAVIOR_ANALYSIS_20260916.md;GO2_TUNING_BASE_DATA.md;build_go2_a033_reward_package.py;go2_claim_check.py;go2_reward_mec
증거 CSV,측정,workspace/training/quadruped/reports/evidence/go2_stairs_behavior_20260916/LATERAL_BEHAVIOR.csv,YES,4171,"열: run,arm,case,robots,terminated,term_time_median_s,tilt_cos_min_median,base_mass_terminated_median,base_mass_survived_med",go2_claim_check.py;go2_stairs_behavior.py;go2_tuning_base_data.py,test_go2_a033_reward_campaign_contract.py;test_go2_stairs_behavior_contract.py,GO2_NOW.md;GO2_PROJECT_STATE.md;GO2_REFERENCE_COMPASS.md;GO2_STAIRS_BEHAVIOR_ANALYSIS_20260916.md;GO2_TUNING_BASE_DATA.md;go2_claim_check.py;go2_stairs_behavior.py;go2_tuning_base_data.py
증거 CSV,측정,workspace/training/quadruped/reports/evidence/go2_stairs_behavior_20260916/STAIRS_CLIMB.csv,YES,10060,"열: run,arm,case,seed,height_key,terrain_start_m,direction,step_height_m,robots,body_rise_ge1,body_rise_ge2,body_rise_full",build_go2_a033_reward_package.py;go2_claim_check.py;go2_fact_rules_spec.py;go2_g_a038_readout.py;go2_seed_sensitivity.py,test_go2_a033_reward_campaign_contract.py;test_go2_fact_rules_contract.py;test_go2_g_a038_campaign_contract.py;test_go2_stairs_behavior_contract.py,GO2_PROJECT_STATE.md;GO2_REFERENCE_COMPASS.md;GO2_SEED_SENSITIVITY.md;GO2_STAIRS_BEHAVIOR_ANALYSIS_20260916.md;GO2_TUNING_POLICY_READOUT_20260918.md;build_go2_a033_reward_package.py;go2-analyst.md;go2
증거 CSV,측정,workspace/training/quadruped/reports/evidence/go2_stairs_behavior_20260916/TRAINING_TERMS.csv,YES,2793,"열: run,iterations,terrain_level,track_lin_vel_xy_exp,track_ang_vel_z_exp,feet_air_time,lin_vel_z_l2,ang_vel_xy_l2,flat_orie",go2_claim_check.py;go2_reward_mechanism.py;go2_stairs_behavior.py;go2_tuning_base_data.py,test_go2_stairs_behavior_contract.py;test_go2_tuning_base_data_contract.py,GO2_PROJECT_STATE.md;GO2_REFERENCE_COMPASS.md;GO2_STAIRS_BEHAVIOR_ANALYSIS_20260916.md;GO2_TUNING_BASE_DATA.md;go2_claim_check.py;go2_reward_mechanism.py;go2_stairs_behavior.py;go2_tuning_base_data.py
증거 CSV,측정,workspace/training/quadruped/reports/evidence/go2_stairs_behavior_20260916/WEIGHT_OUTCOME.csv,YES,1019,"열: name,track_lin_vel_xy_exp,lin_vel_z_l2,ang_vel_xy_l2,action_rate_l2,feet_air_time,flat_orientation_l2,rough_forward_spee",go2_claim_check.py;go2_reward_mechanism.py;go2_stairs_behavior.py;go2_tuning_base_data.py,test_go2_stairs_behavior_contract.py,GO2_NOW.md;GO2_PROJECT_STATE.md;GO2_REFERENCE_COMPASS.md;GO2_STAIRS_BEHAVIOR_ANALYSIS_20260916.md;GO2_TUNING_BASE_DATA.md;go2-auditor.md;go2_claim_check.py;go2_reward_mechanism.py;go2_stairs_behavior.
증거 CSV,문서,workspace/training/quadruped/reports/evidence/go2_stall_diagnostics_20260921,YES,3,"인용 문서: GO2_PROJECT_STATE.md, GO2_REFERENCE_COMPASS.md",go2_stall_diagnostics.py,,GO2_PROJECT_STATE.md;GO2_REFERENCE_COMPASS.md;go2_stall_diagnostics.py
증거 CSV,측정,workspace/training/quadruped/reports/evidence/go2_stall_diagnostics_20260921/STALL_DIAGNOSTICS.csv,YES,1414,"열: arm,case,seed,robots,direction,valid_seconds,stall_seconds,stall_share,stall_share_median,arrivals,arrival_rate,first_st",go2_stall_diagnostics.py,,GO2_PROJECT_STATE.md;GO2_REFERENCE_COMPASS.md;go2_stall_diagnostics.py
증거 CSV,문서,workspace/training/quadruped/reports/evidence/go2_standardized_v1,YES,1,"인용 문서: ARTIFACT_MANAGEMENT.md, GO2_CAMPAIGN_SCHEDULE.md, GO2_PROJECT_STATE.md, GO2_REFERENCE_COMPASS.md",go2_standardize_evidence.py,,ARTIFACT_MANAGEMENT.md;GO2_CAMPAIGN_SCHEDULE.md;GO2_PROJECT_STATE.md;GO2_REFERENCE_COMPASS.md;go2_standardize_evidence.py
증거 CSV,문서,workspace/training/quadruped/reports/evidence/go2_track_lin_vel_120_260902,YES,6,"인용 문서: ARTIFACT_MANAGEMENT.md, GO2_REFERENCE_COMPASS.md, GO2_TRACK_LIN_VEL_120_RESULT_ANALYSIS_260902.md, LARGE_FILES_DELETION_REVIEW.md",,,ARTIFACT_MANAGEMENT.md;GO2_REFERENCE_COMPASS.md;GO2_TRACK_LIN_VEL_120_RESULT_ANALYSIS_260902.md;LARGE_FILES_DELETION_REVIEW.md
증거 CSV,측정,workspace/training/quadruped/reports/evidence/go2_track_lin_vel_120_260902/G_A009_COMPARISON.csv,YES,840,"열: scenario,weight,baseline_proxy,candidate_proxy,delta_proxy,delta_points_70,candidate_survival,candidate_tracking,interna",,,ARTIFACT_MANAGEMENT.md;GO2_REFERENCE_COMPASS.md;GO2_TRACK_LIN_VEL_120_RESULT_ANALYSIS_260902.md
증거 CSV,문서,workspace/training/quadruped/reports/evidence/go2_variable_influence_20260917,YES,2,"인용 문서: GO2_PROJECT_STATE.md, GO2_REFERENCE_COMPASS.md, GO2_VARIABLE_INFLUENCE.md, go2-analyst.md, go2-auditor.md",go2_claim_check.py;go2_variable_influence.py,test_go2_g_a038_campaign_contract.py,GO2_PROJECT_STATE.md;GO2_REFERENCE_COMPASS.md;GO2_VARIABLE_INFLUENCE.md;go2-analyst.md;go2-auditor.md;go2_claim_check.py;go2_variable_influence.py
증거 CSV,측정,workspace/training/quadruped/reports/evidence/go2_variable_influence_20260917/PAIR_METRICS.csv,YES,51630,"열: work_id,term,case,seeds,metric,base,cand,delta,seed_sd,threshold,signal,better",go2_claim_check.py;go2_variable_influence.py,test_go2_g_a038_campaign_contract.py;test_go2_variable_influence_contract.py,GO2_REFERENCE_COMPASS.md;GO2_VARIABLE_INFLUENCE.md;go2-analyst.md;go2-auditor.md;go2_claim_check.py;go2_variable_influence.py
증거 CSV,측정,workspace/training/quadruped/reports/evidence/go2_variable_influence_20260917/PAIRS.csv,YES,3183,"열: work_id,run,term,from,to,baseline,env_diff_lines,env_diff,ckpt_base,ckpt_cand,same_ckpt,base_walking,cand_walking,base_r",go2_claim_check.py;go2_tuning_base_data.py;go2_variable_influence.py,test_go2_variable_influence_contract.py,GO2_REFERENCE_COMPASS.md;GO2_VARIABLE_INFLUENCE.md;go2_claim_check.py;go2_tuning_base_data.py;go2_variable_influence.py
보상 변수 분석,문서,workspace/training/quadruped/reports/GO2_TUNING_BASE_DATA.md,YES,36134,**생성 문서 — 손으로 고치지 않는다.** `python tools/go2_tuning_base_data.py`가 증거 CSV에서 만든다.,go2_claim_check.py;go2_reference_compass.py;go2_reward_mechanism.py;go2_tuning_base_data.py;go2_variable_influence.py,test_go2_claim_check_contract.py;test_go2_tuning_base_data_contract.py;test_go2_variable_influence_contract.py,AGENTS.md;GO2_NOW.md;GO2_PROJECT_STATE.md;GO2_REFERENCE_COMPASS.md;GO2_REWARD_EVIDENCE_MASTER.md;GO2_REWARD_MECHANISM_FORECAST.md;GO2_TUNING_POLICY_READOUT_20260918.md;GO2_VARIABLE_INFLUENCE.md;go2-an
보상 변수 분석,문서,workspace/training/quadruped/reports/GO2_REWARD_MECHANISM_FORECAST.md,YES,35038,**생성 문서 — 손으로 고치지 않는다.** `python tools/go2_reward_mechanism.py`가 만든다.,go2_claim_check.py;go2_open_decisions.py;go2_reference_compass.py;go2_reward_mechanism.py;go2_tuning_base_data.py,test_go2_ang_vel_relax_audit_contract.py;test_go2_claim_check_contract.py;test_go2_open_decisions_contract.py;test_go2_policy_text_contract.py;test_go2_reward_m,AGENTS.md;GO2_NOW.md;GO2_OPEN_DECISIONS.md;GO2_PROJECT_STATE.md;GO2_REFERENCE_COMPASS.md;GO2_REWARD_EVIDENCE_MASTER.md;go2-analyst.md;go2-auditor.md;go2-planner.md;go2_claim_check.py;go2_open_decision
보상 변수 분석,문서,workspace/training/quadruped/reports/GO2_VARIABLE_INFLUENCE.md,YES,29589,**생성 문서 — 손으로 고치지 않는다.** `python tools/go2_variable_influence.py`가 `_keep` 원시 기록에서 만든다.,go2_claim_check.py;go2_reference_compass.py;go2_reward_mechanism.py;go2_seed_sensitivity.py;go2_tuning_base_data.py;go2_,test_go2_claim_check_contract.py;test_go2_variable_influence_contract.py,GO2_NOW.md;GO2_PROJECT_STATE.md;GO2_REFERENCE_COMPASS.md;GO2_REWARD_MECHANISM_FORECAST.md;GO2_TUNING_BASE_DATA.md;go2-auditor.md;go2_claim_check.py;go2_reference_compass.py;go2_reward_mechanism.py;go2
보상 변수 분석,문서,workspace/training/quadruped/reports/GO2_SEED_SENSITIVITY.md,YES,8961,**생성 문서 — 손으로 고치지 않는다.** `python -B tools/go2_seed_sensitivity.py`가 만든다.,go2_claim_check.py;go2_open_decisions.py;go2_reference_compass.py;go2_reward_mechanism.py;go2_role_situation_exam.py;go2,test_go2_claim_check_contract.py;test_go2_policy_text_contract.py,GO2_NOW.md;GO2_OPEN_DECISIONS.md;GO2_PROJECT_STATE.md;GO2_REFERENCE_COMPASS.md;GO2_REWARD_EVIDENCE_MASTER.md;GO2_REWARD_MECHANISM_FORECAST.md;GO2_ROLE_SITUATION_EXAM.md;GO2_TUNING_POLICY_READOUT_20260
보상 변수 분석,문서,workspace/training/quadruped/reports/GO2_STAIRS_BEHAVIOR_ANALYSIS_20260916.md,YES,33692,"상태: **분석 전용. 서버 실행·학습·reward 변경 없음.** 사용자 요청 ""리워드 점수, 학습 결과, 보고서, 기반 문서로 계단을 유추하고, 추측이 틀린 이유를 분석하라 — 실패가 어떤 동작을 유도했는지 찾아라"".",go2_claim_check.py;go2_fact_rules.py;go2_fact_rules_spec.py;go2_reference_compass.py;go2_tuning_base_data.py,test_go2_claim_check_contract.py;test_go2_stairs_behavior_contract.py,GO2_NOW.md;GO2_PROJECT_STATE.md;GO2_REFERENCE_COMPASS.md;GO2_TUNING_BASE_DATA.md;go2-auditor.md;go2_claim_check.py;go2_fact_rules.py;go2_fact_rules_spec.py;go2_reference_compass.py;go2_tuning_base_dat
보상 변수 분석,문서,workspace/training/quadruped/reports/GO2_G_A038_READOUT.md,YES,7266,"회차: G-A033 + `ang_vel_xy_l2` `-0.05` → `-0.08` 하나만, 학습 seed `42`, `4096` env, `1000` iter, 평가 iter `900`.",go2_claim_check.py;go2_climb_count.py;go2_fact_rules.py;go2_fact_rules_spec.py;go2_g_a038_readout.py;go2_reference_compa,test_go2_claim_check_contract.py;test_go2_detectability_gate.py;test_go2_g_a038_readout_contract.py,GO2_A038_REREAD_20260919.md;GO2_ANG_VEL_RELAX_AUDIT_20260920.md;GO2_NOW.md;GO2_PROJECT_STATE.md;GO2_REFERENCE_COMPASS.md;GO2_REWARD_EVIDENCE_MASTER.md;GO2_REWARD_MECHANISM_FORECAST.md;GO2_ROLE_REGRESS
보상 변수 분석,문서,workspace/training/quadruped/reports/GO2_RUN_SYNTHESIS_20260916.md,YES,19964,작성 2026-09-16. 입력은 `workspace/_keep` 산출물뿐이다. 기존 판정·기존 문서의 숫자는 입력으로 쓰지 않았다.,build_go2_run_reports.py;go2_claim_check.py;go2_reference_compass.py;go2_table_audit.py,test_go2_claim_check_contract.py,GO2_NOW.md;GO2_PROJECT_STATE.md;GO2_REFERENCE_COMPASS.md;INDEX.md;build_go2_run_reports.py;go2_claim_check.py;go2_reference_compass.py;go2_table_audit.py
회차 사양,사양,workspace/training/quadruped/config/experiments/G_A010_lin_vel_z_m2.json,YES,2325,lin_vel_z_l2 -3.0->-2.0,,,ARTIFACT_MANAGEMENT.md;GO2_INDEPENDENT_AUDIT_CODEX_260907.md;GO2_PROJECT_STATE.md;GO2_REFERENCE_COMPASS.md;GO2_REWARD_EVIDENCE_MASTER.md;NEW_SESSION_HANDOFF.md
회차 사양,사양,workspace/training/quadruped/config/experiments/G_A013_flat_orientation_m1.json,YES,2292,flat_orientation_l2 0.0->-1.0,,,GO2_INDEPENDENT_AUDIT_CODEX_260907.md;GO2_REFERENCE_COMPASS.md;SERVER_SESSION_RUNBOOK.md
회차 사양,사양,workspace/training/quadruped/config/experiments/G_A015_pilot_feet_air_time_035.json,YES,2579,feet_air_time 0.2->0.35,,test_go2_tuning_engine_contract.py,GO2_INDEPENDENT_AUDIT_CODEX_260907.md;GO2_PROJECT_STATE.md;GO2_REFERENCE_COMPASS.md;SERVER_SESSION_RUNBOOK.md
회차 사양,사양,workspace/training/quadruped/config/experiments/G_A016_pilot_ang_vel_xy_m015.json,YES,2633,ang_vel_xy_l2 -0.05->-0.15,,test_go2_tuning_engine_contract.py,GO2_INDEPENDENT_AUDIT_CODEX_260907.md;GO2_PROJECT_STATE.md;GO2_REFERENCE_COMPASS.md;SERVER_SESSION_RUNBOOK.md
회차 사양,사양,workspace/training/quadruped/config/experiments/G_A017_pilot_track_lin_vel_xy_140.json,YES,3066,track_lin_vel_xy_exp 1.2->1.4,,test_go2_a017_full_suite_contract.py,GO2_INDEPENDENT_AUDIT_CODEX_260907.md;GO2_PROJECT_STATE.md;GO2_REAUDIT_PROMPT_ENGINE_151_260908.md;GO2_REFERENCE_COMPASS.md;SERVER_SESSION_RUNBOOK.md
회차 사양,사양,workspace/training/quadruped/config/experiments/G_A018_pilot_action_rate_m008.json,YES,3088,action_rate_l2 -0.01->-0.008,,,GO2_INDEPENDENT_AUDIT_CODEX_260907.md;GO2_PROJECT_STATE.md;GO2_REFERENCE_COMPASS.md;SERVER_SESSION_RUNBOOK.md
회차 사양,사양,workspace/training/quadruped/config/experiments/G_A019_pilot_track_lin_vel_xy_130.json,YES,3329,track_lin_vel_xy_exp 1.2->1.3,,,GO2_PROJECT_STATE.md;GO2_REFERENCE_COMPASS.md;SERVER_SESSION_RUNBOOK.md
회차 사양,사양,workspace/training/quadruped/config/experiments/G_A020_chain01_lin_vel_z_m2.json,YES,3243,lin_vel_z_l2 -3.0->-2.0,,,GO2_PROJECT_STATE.md;GO2_REFERENCE_COMPASS.md;SERVER_SESSION_RUNBOOK.md
회차 사양,사양,workspace/training/quadruped/config/experiments/G_A021_chain01_ang_vel_xy_m005.json,YES,2970,ang_vel_xy_l2 -0.08->-0.05,,,GO2_INDEPENDENT_AUDIT_CODEX_260907.md;GO2_PROJECT_STATE.md;GO2_REFERENCE_COMPASS.md;SERVER_SESSION_RUNBOOK.md
회차 사양,사양,workspace/training/quadruped/config/experiments/G_A022_chain01_feet_air_time_020.json,YES,3055,feet_air_time 0.01->0.20,,,GO2_INDEPENDENT_AUDIT_CODEX_260907.md;GO2_REFERENCE_COMPASS.md;SERVER_SESSION_RUNBOOK.md
회차 사양,사양,workspace/training/quadruped/config/experiments/G_A024_ang_vel_xy_m015.json,YES,2583,ang_vel_xy_l2 -0.08->-0.15,,,GO2_INDEPENDENT_AUDIT_CODEX_260907.md;GO2_REFERENCE_COMPASS.md
회차 사양,사양,workspace/training/quadruped/config/experiments/G_A025_flat_orientation_m1.json,YES,2531,flat_orientation_l2 0.0->-1.0,,,GO2_INDEPENDENT_AUDIT_CODEX_260907.md;GO2_REFERENCE_COMPASS.md;SERVER_SESSION_RUNBOOK.md
회차 사양,사양,workspace/training/quadruped/config/experiments/G_A027_a017_full_suite.json,YES,2560,track_lin_vel_xy_exp 1.2->1.4,,,GO2_PROJECT_STATE.md;GO2_REFERENCE_COMPASS.md
회차 사양,사양,workspace/training/quadruped/config/experiments/G_A030_a017_flat_orientation_m1.json,YES,3464,flat_orientation_l2 0.0->-1.0,build_go2_g_a030_package.py;verify_go2_g_a030_harvest.py,,GO2_PROJECT_STATE.md;GO2_REFERENCE_COMPASS.md;build_go2_g_a030_package.py;verify_go2_g_a030_harvest.py
회차 사양,사양,workspace/training/quadruped/config/experiments/G_A031_a017_feet_air_time_001.json,YES,6569,feet_air_time 0.2->0.01,build_go2_candidate_package.py,,GO2_PROJECT_STATE.md;GO2_REFERENCE_COMPASS.md;build_go2_candidate_package.py
회차 사양,사양,workspace/training/quadruped/config/experiments/G_A032_a017_feet_air_time_010.json,YES,6593,feet_air_time 0.2->0.1,build_go2_candidate_package.py,,GO2_PROJECT_STATE.md;GO2_REFERENCE_COMPASS.md;build_go2_candidate_package.py
회차 사양,사양,workspace/training/quadruped/config/experiments/G_A033_a017_track_lin_vel_xy_150.json,YES,7537,track_lin_vel_xy_exp 1.4->1.5,build_go2_candidate_package.py;build_go2_training_length_package.py,,GO2_PROJECT_STATE.md;GO2_REFERENCE_COMPASS.md;build_go2_candidate_package.py;build_go2_training_length_package.py
회차 사양,사양,workspace/training/quadruped/config/experiments/G_A035_a033_iter1500.json,YES,17106,max_iterations 1000->1500 [HOLD_UNSUPPORTED],build_go2_training_length_package.py;go2_fact_rules_spec.py,test_go2_fact_rules_contract.py;test_go2_run_ledger_contract.py,GO2_REFERENCE_COMPASS.md;build_go2_training_length_package.py;go2_fact_rules_spec.py
회차 사양,사양,workspace/training/quadruped/config/experiments/G_A037_a033_lin_vel_z_m1.json,YES,20707,lin_vel_z_l2 -2.0->-1.0 [HOLD_CONTRADICTED],build_go2_a033_reward_package.py;go2_fact_rules_spec.py,test_go2_fact_rules_contract.py;test_go2_reward_mechanism_contract.py;test_go2_tuning_base_data_contract.py,GO2_NOW.md;GO2_REFERENCE_COMPASS.md;build_go2_a033_reward_package.py;go2_fact_rules_spec.py
회차 사양,사양,workspace/training/quadruped/config/experiments/G_A038_a033_ang_vel_xy_m008.json,YES,16233,ang_vel_xy_l2 -0.05->-0.08,build_go2_a033_reward_package.py;go2_fact_rules_spec.py,test_go2_fact_rules_contract.py,GO2_PROJECT_STATE.md;GO2_REFERENCE_COMPASS.md;build_go2_a033_reward_package.py;go2_fact_rules_spec.py
회차 사양,사양,workspace/training/quadruped/config/experiments/G_A039_a033_dof_acc_m125e7.json,YES,30565,dof_acc_l2 -2.5e-07->-1.25e-07 [HOLD_CONTRADICTED],build_go2_a033_reward_package.py;go2_open_decisions.py;go2_role_regression.py;go2_role_situation_exam.py,,GO2_NOW.md;GO2_OPEN_DECISIONS.md;GO2_REFERENCE_COMPASS.md;GO2_ROLE_SITUATION_EXAM.md;build_go2_a033_reward_package.py;go2_open_decisions.py;go2_role_regression.py;go2_role_situation_exam.py
회차 사양,사양,workspace/training/quadruped/config/experiments/G_A040_a033_flat_orientation_m05.json,YES,43139,flat_orientation_l2 0.0->-0.5 [INFORMATION_RUN],build_go2_a033_reward_package.py;go2_defect_ledger.py,test_go2_stationary_guard_contract.py,GO2_DEFECT_LEDGER.md;GO2_REFERENCE_COMPASS.md;build_go2_a033_reward_package.py;go2_defect_ledger.py
회차 사양,사양,workspace/training/quadruped/config/experiments/G_A041_a033_ang_vel_xy_m004.json,YES,51589,ang_vel_xy_l2 -0.05->-0.04 [INFORMATION_RUN],build_go2_a033_reward_package.py;go2_defect_ledger.py,test_go2_ang_vel_relax_audit_contract.py,GO2_ANG_VEL_RELAX_AUDIT_20260920.md;GO2_DEFECT_LEDGER.md;GO2_NOW.md;GO2_PROJECT_STATE.md;GO2_REFERENCE_COMPASS.md;build_go2_a033_reward_package.py;go2_defect_ledger.py
회차 사양,사양,workspace/training/quadruped/config/experiments/G_A042_a033_track_lin_vel_xy_160.json,YES,55040,track_lin_vel_xy_exp 1.5->1.6 [INFORMATION_RUN],build_go2_a033_reward_package.py,,GO2_NOW.md;GO2_PROJECT_STATE.md;GO2_REFERENCE_COMPASS.md;build_go2_a033_reward_package.py
판정·제작 코드,코드,tools/go2_target_gate.py,YES,17985,Server-side target-stage gate for the basic-motion pair (G-A031 / G-A032).,build_go2_basic_motion_pair.py;build_go2_campaign_package.py;build_go2_training_length_campaign.py;go2_defect_ledger.py;,test_go2_a033_reward_campaign_contract.py;test_go2_basic_motion_pair_contract.py;test_go2_campaign_contract.py;test_go2_fact_rules_contract.py;test_go2_training,GO2_DEFECT_LEDGER.md;GO2_PROJECT_STATE.md;GO2_REFERENCE_COMPASS.md;build_go2_basic_motion_pair.py;build_go2_campaign_package.py;build_go2_training_length_campaign.py;go2-auditor.md;go2-planner.md;go2_
판정·제작 코드,코드,tools/go2_fact_rules.py,YES,5791,Go2 사실 기반 판정 규칙 `fact_rules_v1` — 서버 게이트와 로컬 검증기가 함께 쓴다 (표준 라이브러리만).,build_go2_basic_motion_pair.py;go2_defect_ledger.py;go2_reference_compass.py;go2_reward_mechanism.py;go2_target_gate.py;,test_go2_basic_motion_pair_contract.py;test_go2_campaign_contract.py;test_go2_fact_rules_contract.py;test_go2_policy_text_contract.py,AGENTS.md;GO2_DEFECT_LEDGER.md;GO2_NOW.md;GO2_PROJECT_STATE.md;GO2_REFERENCE_COMPASS.md;GO2_REWARD_EVIDENCE_MASTER.md;GO2_REWARD_MECHANISM_FORECAST.md;GO2_STAIRS_BEHAVIOR_ANALYSIS_20260916.md;build_go
판정·제작 코드,코드,tools/go2_climb_count.py,YES,3806,"Go2 계단 오른 로봇 수 — 평가 `steps.csv`에서만 센다 (표준 라이브러리만, 서버 게이트에 실린다).",build_go2_basic_motion_pair.py;go2_a038_reread.py;go2_fact_rules_spec.py;go2_reference_compass.py;go2_stairs_behavior.py,test_go2_canonical_consistency.py;test_go2_policy_text_contract.py,GO2_A038_REREAD_20260919.md;GO2_NOW.md;GO2_PROJECT_STATE.md;GO2_REFERENCE_COMPASS.md;README.md;build_go2_basic_motion_pair.py;go2-analyst.md;go2-auditor.md;go2_a038_reread.py;go2_fact_rules_spec.py;go
판정·제작 코드,코드,tools/go2_run_ledger.py,YES,16203,Go2 회차 원장 — `workspace/_keep` 산출물만 읽어서 회차 기록을 복원한다.,build_go2_reeval_package.py;build_go2_run_reports.py;go2_reference_compass.py,,GO2_NOW.md;GO2_PROJECT_STATE.md;GO2_REFERENCE_COMPASS.md;GO2_RUN_SYNTHESIS_20260916.md;build_go2_reeval_package.py;build_go2_run_reports.py;go2_reference_compass.py
판정·제작 코드,코드,tools/go2_reward_mechanism.py,YES,66796,Go2 보상 기전 예측 — 원문 식(역할) × 학습 로그로 걷기/멈춤과 변수 변경 결과를 유추한다.,go2_claim_check.py;go2_reference_compass.py;go2_reward_mechanism.py,test_go2_reward_mechanism_contract.py,GO2_ANG_VEL_RELAX_AUDIT_20260920.md;GO2_NOW.md;GO2_PROJECT_STATE.md;GO2_REFERENCE_COMPASS.md;GO2_REWARD_EVIDENCE_MASTER.md;GO2_REWARD_MECHANISM_FORECAST.md;go2_claim_check.py;go2_reference_compass.py
판정·제작 코드,코드,tools/go2_tuning_base_data.py,YES,58782,Go2 튜닝 기반 데이터 — 튜닝값은 이 표에서 도출한다.,build_go2_training_length_campaign.py;go2_claim_check.py;go2_reference_compass.py;go2_tuning_base_data.py,test_go2_tuning_base_data_contract.py,GO2_NOW.md;GO2_PROJECT_STATE.md;GO2_REFERENCE_COMPASS.md;GO2_TUNING_BASE_DATA.md;build_go2_training_length_campaign.py;go2_claim_check.py;go2_reference_compass.py
판정·제작 코드,코드,tools/go2_curriculum_facts.py,YES,8411,지형 커리큘럼 사실표 — Isaac Lab v2.3.1 원문과 우리 학습 env.yaml 에서만 만든다.,go2_curriculum_facts.py;go2_reference_compass.py,,GO2_NOW.md;GO2_REFERENCE_COMPASS.md;GO2_REWARD_EVIDENCE_MASTER.md;go2_reference_compass.py
판정·제작 코드,코드,tools/verify_go2_basic_motion_harvest.py,YES,18959,"Verify a recovered basic-motion harvest (G-A031 / G-A032), then apply the pre-registered reading.",build_go2_basic_motion_pair.py;build_go2_campaign_package.py;build_go2_candidate_package.py;build_go2_training_length_ca,test_go2_stationary_guard_contract.py,ARTIFACT_MANAGEMENT.md;GO2_DEFECT_LEDGER.md;GO2_G_A041_READOUT.md;GO2_PROJECT_STATE.md;GO2_REFERENCE_COMPASS.md;build_go2_basic_motion_pair.py;build_go2_campaign_package.py;build_go2_candidate_package
판정·제작 코드,코드,tools/verify_go2_g_a030_harvest.py,YES,18723,"Verify a recovered G-A030 harvest, then apply the pre-registered reading.",build_go2_g_a030_package.py;go2_reference_compass.py;verify_go2_g_a030_harvest.py,,ARTIFACT_MANAGEMENT.md;GO2_PROJECT_STATE.md;GO2_REFERENCE_COMPASS.md;build_go2_g_a030_package.py;go2_reference_compass.py
판정·제작 코드,코드,tools/build_go2_a033_reward_package.py,YES,26323,Build (and optionally publish) a one-reward-change arm package on the frozen baseline G-A033.,build_go2_a033_reward_package.py;build_go2_training_length_campaign.py;go2_defect_ledger.py;go2_open_decisions.py;go2_re,,GO2_DEFECT_LEDGER.md;GO2_NOW.md;GO2_OPEN_DECISIONS.md;GO2_PROJECT_STATE.md;GO2_REFERENCE_COMPASS.md;build_go2_training_length_campaign.py;go2_defect_ledger.py;go2_open_decisions.py;go2_reference_compa
판정·제작 코드,코드,tools/build_go2_training_length_campaign.py,YES,51116,Build (and optionally publish) the one-command campaign package for a training-length arm (G-A035).,build_go2_training_length_campaign.py;build_go2_training_length_package.py;go2_defect_ledger.py;go2_reference_compass.py,,GO2_DEFECT_LEDGER.md;GO2_PROJECT_STATE.md;GO2_REFERENCE_COMPASS.md;build_go2_training_length_package.py;go2_defect_ledger.py;go2_reference_compass.py
역할 정의,규칙,.claude/agents/go2-analyst.md,YES,9128,name: go2-analyst,go2_open_decisions.py,test_go2_detectability_gate.py,GO2_OPEN_DECISIONS.md;GO2_REFERENCE_COMPASS.md;GO2_TUNING_POLICY_READOUT_20260918.md;go2_open_decisions.py
역할 정의,규칙,.claude/agents/go2-auditor.md,YES,14060,name: go2-auditor,go2_defect_ledger.py;go2_open_decisions.py,test_go2_defect_ledger_contract.py;test_go2_reference_compass_contract.py,GO2_DEFECT_LEDGER.md;GO2_OPEN_DECISIONS.md;GO2_REFERENCE_COMPASS.md;go2-planner.md;go2_defect_ledger.py;go2_open_decisions.py
역할 정의,규칙,.claude/agents/go2-evidence-manager.md,YES,1177,name: go2-evidence-manager,,test_go2_evidence_role_contract.py,GO2_CAMPAIGN_SCHEDULE.md;GO2_PROJECT_STATE.md;GO2_REFERENCE_COMPASS.md;go2-analyst.md;go2-auditor.md;go2-planner.md
역할 정의,규칙,.claude/agents/go2-planner.md,YES,8682,name: go2-planner,go2_open_decisions.py,test_go2_detectability_gate.py,GO2_OPEN_DECISIONS.md;GO2_REFERENCE_COMPASS.md;go2_open_decisions.py
역할 정의,규칙,.codex/agents/go2-campaign-manager.md,YES,9983,공통 계약: `workspace/training/quadruped/GO2_EVIDENCE_HANDOFF.md`.,go2_open_decisions.py;validate_go2_campaign.py,test_go2_reward_mechanism_contract.py,GO2_OPEN_DECISIONS.md;GO2_REFERENCE_COMPASS.md;GO2_TUNING_CAMPAIGN_AUDIT_20260914.md;go2_open_decisions.py;validate_go2_campaign.py
역할 정의,규칙,.codex/agents/go2-evaluation-auditor.md,YES,10411,공통 계약: `workspace/training/quadruped/GO2_EVIDENCE_HANDOFF.md`.,go2_open_decisions.py;validate_go2_campaign.py,,GO2_INDEPENDENT_AUDIT_CODEX_260907.md;GO2_OPEN_DECISIONS.md;GO2_REFERENCE_COMPASS.md;go2_open_decisions.py;validate_go2_campaign.py
역할 정의,규칙,.codex/agents/go2-evidence-manager.md,YES,2844,너는 결론을 방어하는 변호사가 아니라 사실과 학습 문서의 출처를 보존하는 근거 검증 책임자다.,,test_go2_evidence_role_contract.py,GO2_CAMPAIGN_SCHEDULE.md;GO2_PROJECT_STATE.md;GO2_REFERENCE_COMPASS.md;go2-analyst.md;go2-auditor.md;go2-planner.md
역할 정의,규칙,.codex/agents/go2-report-writer.md,YES,10063,공통 계약: `workspace/training/quadruped/GO2_EVIDENCE_HANDOFF.md`.,go2_open_decisions.py;validate_go2_campaign.py,,GO2_OPEN_DECISIONS.md;GO2_REFERENCE_COMPASS.md;go2_open_decisions.py;validate_go2_campaign.py
역할 정의,규칙,.codex/agents/go2-test-planner.md,YES,12283,공통 계약: `workspace/training/quadruped/GO2_EVIDENCE_HANDOFF.md`.,go2_open_decisions.py;validate_go2_campaign.py,test_go2_canonical_consistency.py;test_go2_reward_mechanism_contract.py,GO2_G_A029_TUNING_AUDIT_20260914.md;GO2_OPEN_DECISIONS.md;GO2_POST_A029_PLAN_POLICY_AUDIT_20260914.md;GO2_PROJECT_STATE.md;GO2_REFERENCE_COMPASS.md;go2_open_decisions.py;validate_go2_campaign.py
