relative_path	bytes	sha256
evaluation/default/cases/seed_101/backward/case_identity.sha256	65	043c6c53fb7862cb65400e110abbe5d412aab14d957a592322271f21bcb7cc9e
evaluation/default/cases/seed_101/backward/metadata.json	20741	465bd47509d2e7dc0bba02a938b21fb92c145860d6f26c28707823a217215cc3
evaluation/default/cases/seed_101/backward/STATUS.txt	32	9e9e4be9adebe2e3d3dea6d3099c056c0801d5252a9bd9742594a398d8334f6e
evaluation/default/cases/seed_101/backward/steps.csv	6997718	5778474c4ef9fada053c263cf26459a3905a0fcfb501bc0593b1d262f84410c9
evaluation/default/cases/seed_101/backward/summary.json	548	887494b68aea97caaa2823db4144cb75015b3b9736503161051d6ad09c5c1104
evaluation/default/cases/seed_101/combined_yaw_left/case_identity.sha256	65	aa4919bbdf78b6cb2a1cf4aa119ffb766f76f6200fef0626839ad26c0e9f5668
evaluation/default/cases/seed_101/combined_yaw_left/metadata.json	20750	16fe7c2d6aa846b95aac068c1c906d75df3b7ec13c4a0cffc142476fa0343b79
evaluation/default/cases/seed_101/combined_yaw_left/STATUS.txt	32	9e9e4be9adebe2e3d3dea6d3099c056c0801d5252a9bd9742594a398d8334f6e
evaluation/default/cases/seed_101/combined_yaw_left/steps.csv	7451571	4a76765cf0113e0197d5ddbb6a04d334e51d718a4bc175c27be982b0acee6f3c
evaluation/default/cases/seed_101/combined_yaw_left/summary.json	547	6a5ecafed2d2273abb7dd8847b6ced524b921f456c9e77a8585a5e35d992f3c2
evaluation/default/cases/seed_101/combined_yaw_right/case_identity.sha256	65	f0f288e26bb062519438bc890d8b326564b668f254c4bfe52981592c7e3e8828
evaluation/default/cases/seed_101/combined_yaw_right/metadata.json	20751	bcaaa83c9944270676a1c1c68bb1c4480df343af85e90fc82c65901d58817eb1
evaluation/default/cases/seed_101/combined_yaw_right/STATUS.txt	32	9e9e4be9adebe2e3d3dea6d3099c056c0801d5252a9bd9742594a398d8334f6e
evaluation/default/cases/seed_101/combined_yaw_right/steps.csv	7438296	45aa9fab84fdd61f6903abf20a3b2159c4c2a7791fac812d14bda625e44cbf58
evaluation/default/cases/seed_101/combined_yaw_right/summary.json	564	f66c218ccab51f96283cf1c4f1c08586f694c00086f2859bc52e564aeea114bf
evaluation/default/cases/seed_101/diagonal_left/case_identity.sha256	65	2c308991d0bf06c6aa33f93dc39844acd6772dcf034438c52038a20b02b5cbfd
evaluation/default/cases/seed_101/diagonal_left/metadata.json	20746	844b2eb107d0ef7a5315cee312bc30fd5c284bda2fcef067d9163ffbabc68e73
evaluation/default/cases/seed_101/diagonal_left/STATUS.txt	32	9e9e4be9adebe2e3d3dea6d3099c056c0801d5252a9bd9742594a398d8334f6e
evaluation/default/cases/seed_101/diagonal_left/steps.csv	7512722	ef40dc3692a1d20d8b5addb8eb345e711e8b9390cc2bfb5a227d87618129ec0b
evaluation/default/cases/seed_101/diagonal_left/summary.json	549	2880077770a3161edd121da63b823e090bfa6e7e003d5516baa170b4ea3142a7
evaluation/default/cases/seed_101/diagonal_right/case_identity.sha256	65	e947216beabbe52043d77a0c7415d1e5a2635007b0ec612fe756285172440c48
evaluation/default/cases/seed_101/diagonal_right/metadata.json	20747	454ab09c24bb5a0b5581e37bb511d597ae6043e5ca9144a4998e4c6f8cb4872d
evaluation/default/cases/seed_101/diagonal_right/STATUS.txt	32	9e9e4be9adebe2e3d3dea6d3099c056c0801d5252a9bd9742594a398d8334f6e
evaluation/default/cases/seed_101/diagonal_right/steps.csv	7551671	76066d1fe0b91e6448a3e792717b4c0280d290d9c4539dd4fa3f7ab10fbd2ad8
evaluation/default/cases/seed_101/diagonal_right/summary.json	545	2b8fabf2a73ad21d04ccb56464028b2d3de9dfde7a750f6535afda0f75b17f3a
evaluation/default/cases/seed_101/dr_seed_101/case_identity.sha256	65	a7f37e5277ea366075e8eae72003977041b3e40f9cfb94b4be97f564325a5fd4
evaluation/default/cases/seed_101/dr_seed_101/metadata.json	20744	34a43f61a090ed3b01ccba8c906a17e2d212241d9daa22181031c0d6959a2d7a
evaluation/default/cases/seed_101/dr_seed_101/STATUS.txt	32	9e9e4be9adebe2e3d3dea6d3099c056c0801d5252a9bd9742594a398d8334f6e
evaluation/default/cases/seed_101/dr_seed_101/steps.csv	7007963	b19282878a0388664a97bf0583713c8d6ba5c92526aaf248bda5346200f6610b
evaluation/default/cases/seed_101/dr_seed_101/summary.json	549	e40ca9047574f618e0bdc2f2a428e2fcd3eefbd64723de855ba387b400de5a1a
evaluation/default/cases/seed_101/forward_fast/case_identity.sha256	65	779a8908f41821816d0a5353989b4fabd6e7f26a4d54d4312ad2d6cf65dd11df
evaluation/default/cases/seed_101/forward_fast/metadata.json	20745	030eb7fd6f1225edfdac71358ce35fd279b71265650d1d0ac26cd7c5030b82a6
evaluation/default/cases/seed_101/forward_fast/STATUS.txt	32	9e9e4be9adebe2e3d3dea6d3099c056c0801d5252a9bd9742594a398d8334f6e
evaluation/default/cases/seed_101/forward_fast/steps.csv	7494852	3b5fee065d0c4165db431f8c5fbaf15dc62b5d0afe789903cce693203f7977fc
evaluation/default/cases/seed_101/forward_fast/summary.json	549	b1915706c0bef2013f23dd9bfd5906504b3f63208904c4523966ec1431fe41f4
evaluation/default/cases/seed_101/forward_nominal/case_identity.sha256	65	d4b0f7d53c238ef5994292e9116ff0df5ed140709d053e78812cef0afa235cf4
evaluation/default/cases/seed_101/forward_nominal/metadata.json	20748	a4b26de61ecd8a948c9b539d4f2c1046847f29c7d6f88124395a174632a8f8f9
evaluation/default/cases/seed_101/forward_nominal/STATUS.txt	32	9e9e4be9adebe2e3d3dea6d3099c056c0801d5252a9bd9742594a398d8334f6e
evaluation/default/cases/seed_101/forward_nominal/steps.csv	7048782	03d772260eaf571a1d6d47eb2a665de03a91c29acd6d3646e4ab6c76d5c56962
evaluation/default/cases/seed_101/forward_nominal/summary.json	549	eaabbf0a400e318dfa96e38f62de4e8cb8f68ab3685312a5007a8f43544578b4
evaluation/default/cases/seed_101/forward_slow/case_identity.sha256	65	bdc3591116fd28ab76a60cf798c00611ac14ef8079082ddaa072861de20455f9
evaluation/default/cases/seed_101/forward_slow/metadata.json	20745	2177288e10dfbdc0b65cb9e5c4570c296c84596557bb806722ead849a5bf8100
evaluation/default/cases/seed_101/forward_slow/STATUS.txt	32	9e9e4be9adebe2e3d3dea6d3099c056c0801d5252a9bd9742594a398d8334f6e
evaluation/default/cases/seed_101/forward_slow/steps.csv	7516717	e178b6c1f429ca4840928c879003e8b05f996e255350543c0a590d5eaf518e0d
evaluation/default/cases/seed_101/forward_slow/summary.json	550	ddf848532dce8a1a8945a49f09f1e43cadf8aefbf588e6ce25d1e9c6ff0d7254
evaluation/default/cases/seed_101/left/case_identity.sha256	65	c53c22451856f79ca32d5c27207ac0ce9fc4ee81b745eef9ddbd0f2e28ec8dc1
evaluation/default/cases/seed_101/left/metadata.json	20737	d35b51f1ea012237bed008a3779044b379bcba9c1eed2e1844e358ff044294d3
evaluation/default/cases/seed_101/left/STATUS.txt	32	9e9e4be9adebe2e3d3dea6d3099c056c0801d5252a9bd9742594a398d8334f6e
evaluation/default/cases/seed_101/left/steps.csv	7461278	d901a5fcda15dcf5e10f863f55ba64b64521047e829c3462a8eef5a78851f2a1
evaluation/default/cases/seed_101/left/summary.json	547	8757b2ff2d702419f40a97c9452394a1a28d43243ed4d577754d571d4af40d19
evaluation/default/cases/seed_101/push_neg_x/case_identity.sha256	65	cd2b26601b872d5df6711852c8b7194c7aaba9f6757f8509930a2f3c530d2a0e
evaluation/default/cases/seed_101/push_neg_x/metadata.json	20976	67ed387fd36615996d2382ef299db6e70ee1ae3fc546cc14e63aa0382354a348
evaluation/default/cases/seed_101/push_neg_x/STATUS.txt	32	9e9e4be9adebe2e3d3dea6d3099c056c0801d5252a9bd9742594a398d8334f6e
evaluation/default/cases/seed_101/push_neg_x/steps.csv	7003962	6a25765a4e1874b05f1f14d8422a5668a8d1de58645bc21ec7cb5adad52c3450
evaluation/default/cases/seed_101/push_neg_x/summary.json	554	aa09b632bb68cc05a4a20c09a0d028011c76fd36cf830351462355e7040265e3
evaluation/default/cases/seed_101/push_neg_y/case_identity.sha256	65	fe963f3980da5bf6c4a9bbafd8127868134c6bebf8aaa3faba82ab72342e9609
evaluation/default/cases/seed_101/push_neg_y/metadata.json	20976	8bf51eb6dc552c57a830512bb479b3b11e51416c596fb9849251057194c26580
evaluation/default/cases/seed_101/push_neg_y/STATUS.txt	32	9e9e4be9adebe2e3d3dea6d3099c056c0801d5252a9bd9742594a398d8334f6e
evaluation/default/cases/seed_101/push_neg_y/steps.csv	7007768	14e2a220a92e60fc6027a72949e9c5f6c763285ec9def4c1c5c2d531155c8364
evaluation/default/cases/seed_101/push_neg_y/summary.json	556	ac5f26c30148de64f1b4fee1abb0c0916129810c14b7fa76332e2f840d4e3d9e
evaluation/default/cases/seed_101/push_pos_x/case_identity.sha256	65	26ade5a382fba95328cb8256c8c8e2755acdf32624069dde7970631ca4d05c83
evaluation/default/cases/seed_101/push_pos_x/metadata.json	20974	1b87761cb3f4ed9889edd6795b0b9b98cba38cbb5d1bf3f2ab5fadc0789a0bec
evaluation/default/cases/seed_101/push_pos_x/STATUS.txt	32	9e9e4be9adebe2e3d3dea6d3099c056c0801d5252a9bd9742594a398d8334f6e
evaluation/default/cases/seed_101/push_pos_x/steps.csv	7005587	9ffa4e0962810e5ffd9fb5550ab2614ddbf0588f2481f32d300de17ac232084c
evaluation/default/cases/seed_101/push_pos_x/summary.json	557	3423355dd43799587e0f11f61e4489524b0ec838c6973af26ab6eb9b485057a2
evaluation/default/cases/seed_101/push_pos_y/case_identity.sha256	65	cc92b15bcbde80df4d15605b89690dc9ff1be68aaa8bda00febd3b3b3fee3715
evaluation/default/cases/seed_101/push_pos_y/metadata.json	20974	757fa79e6b260d2e482c1dac3ec8bb60253e6f9ba798db1d8f037f065d7f795b
evaluation/default/cases/seed_101/push_pos_y/STATUS.txt	32	9e9e4be9adebe2e3d3dea6d3099c056c0801d5252a9bd9742594a398d8334f6e
evaluation/default/cases/seed_101/push_pos_y/steps.csv	7006869	5405154ba0e0142457b45765b3e42df44ec1538314a30f1713a58e1bd10fe954
evaluation/default/cases/seed_101/push_pos_y/summary.json	552	4691216d33da5b579151070dea523f2b1331bc6f8858b840de3ed160e1338ad6
evaluation/default/cases/seed_101/right/case_identity.sha256	65	a6ae54eaeafd51b9d326823f4605647d9f0fa14aa813fc273b902102f212d3b8
evaluation/default/cases/seed_101/right/metadata.json	20738	d97afe40f7f82cabc339164982958ba2d6231797508dca0e39d0716d7aa930b5
evaluation/default/cases/seed_101/right/STATUS.txt	32	9e9e4be9adebe2e3d3dea6d3099c056c0801d5252a9bd9742594a398d8334f6e
evaluation/default/cases/seed_101/right/steps.csv	7501332	ea17f0b599f35ecda05bf60f5bd164bef011be0da85ed613f268b7e452a9f327
evaluation/default/cases/seed_101/right/summary.json	550	5e3fd1879d46355b0dc6cc962075e4095ec5e04f88188fac199a5b203f59c20f
evaluation/default/cases/seed_101/rough_forward/case_identity.sha256	65	97e588ac834d25b3c8d10aa3e93392970dcf1fe8a08d99f65fb7e5a9252370da
evaluation/default/cases/seed_101/rough_forward/metadata.json	20746	e7f3421f077934e593484159a5b9d34242ed237deee8f72de182585e373060c7
evaluation/default/cases/seed_101/rough_forward/STATUS.txt	32	9e9e4be9adebe2e3d3dea6d3099c056c0801d5252a9bd9742594a398d8334f6e
evaluation/default/cases/seed_101/rough_forward/steps.csv	7007963	b19282878a0388664a97bf0583713c8d6ba5c92526aaf248bda5346200f6610b
evaluation/default/cases/seed_101/rough_forward/summary.json	550	4b698cce3b16aff40326bf125e992371a8003c8a094d03717de8990ccd3b7615
evaluation/default/cases/seed_101/rough_lateral/case_identity.sha256	65	3afc8be1b8391bd33243b3255193d88248e2c531b899684dacef9be8b7c8673a
evaluation/default/cases/seed_101/rough_lateral/metadata.json	20746	5cfc26f9256c61082e34c8e7bf9de7fa1ce13b0c93a32f8b52d44df720eab497
evaluation/default/cases/seed_101/rough_lateral/STATUS.txt	32	9e9e4be9adebe2e3d3dea6d3099c056c0801d5252a9bd9742594a398d8334f6e
evaluation/default/cases/seed_101/rough_lateral/steps.csv	7521676	487ead0bca299d85dd410fcae78a13023212166c523c95e6bb96cb6f47c7c297
evaluation/default/cases/seed_101/rough_lateral/summary.json	548	b5ec3eee3ab0cab78025685b1d499911ba84a51e1424d10b1ee41aa51e817032
evaluation/default/cases/seed_101/slope_minus_20/case_identity.sha256	65	6aeb969be4de662e744da02b02d075124f5b66247b4f08ecce2e07d989548833
evaluation/default/cases/seed_101/slope_minus_20/metadata.json	20747	a2f478548b26a3ea361830419fe62b51c9b9a586507ae50f4c542aac2af99515
evaluation/default/cases/seed_101/slope_minus_20/STATUS.txt	32	9e9e4be9adebe2e3d3dea6d3099c056c0801d5252a9bd9742594a398d8334f6e
evaluation/default/cases/seed_101/slope_minus_20/steps.csv	7027361	47c4db044acf9227612bae28f8aee5ff30cf815a013766c7d9cee34e00b68504
evaluation/default/cases/seed_101/slope_minus_20/summary.json	551	a522dea852c14499c7d74583f35ea27c68a3e34c805ee813630ba6e7a70ca871
evaluation/default/cases/seed_101/slope_plus_20/case_identity.sha256	65	cab4284577941ff61110ee42fe00ef6ce99b51cafc7bc6f8b1bb50c18494ee6f
evaluation/default/cases/seed_101/slope_plus_20/metadata.json	20746	456b8855cee408a7c43e9eeebb032f14dd64766eca099bbffc59dc48c667874d
evaluation/default/cases/seed_101/slope_plus_20/STATUS.txt	32	9e9e4be9adebe2e3d3dea6d3099c056c0801d5252a9bd9742594a398d8334f6e
evaluation/default/cases/seed_101/slope_plus_20/steps.csv	7061555	a2e2a26f7f9e5636626554ec0583e0c307fd36342e851712e9aae3009b062543
evaluation/default/cases/seed_101/slope_plus_20/summary.json	547	08d74a5c2fd8d4c0a7025c4640740ad6021a9985668f842983468c696814bd7f
evaluation/default/cases/seed_101/stairs_10_down/case_identity.sha256	65	cc52cd472a88216710c41cf5725f9204daf3f4cee9ebc0189f756f3a6c19f060
evaluation/default/cases/seed_101/stairs_10_down/metadata.json	20747	3dc5b6e3740c71e4162988e30574864fc9b30ce64837999073c680b86ca7789b
evaluation/default/cases/seed_101/stairs_10_down/STATUS.txt	32	9e9e4be9adebe2e3d3dea6d3099c056c0801d5252a9bd9742594a398d8334f6e
evaluation/default/cases/seed_101/stairs_10_down/steps.csv	7059943	05be20f1f1a02bd9f1b735cbc5c224872c7b486628045467a28a3d0d4335245c
evaluation/default/cases/seed_101/stairs_10_down/summary.json	548	c4d14be7c7d3b317e0889a82eb624e8a6d63eac10a3f741b6590353ff4a279fd
evaluation/default/cases/seed_101/stairs_10_up/case_identity.sha256	65	52f6720c9ddbffd41f74ab1458f2976debf54615439a0077cecda3c03c0b188e
evaluation/default/cases/seed_101/stairs_10_up/metadata.json	20745	19e3a02a142e5451e6975a43a81def003609cbe241ef3d60a71ce71218d7ab78
evaluation/default/cases/seed_101/stairs_10_up/STATUS.txt	32	9e9e4be9adebe2e3d3dea6d3099c056c0801d5252a9bd9742594a398d8334f6e
evaluation/default/cases/seed_101/stairs_10_up/steps.csv	7026211	dc43e5742060041f8c3cd8c567a36ec4bf1a8ddbd2fb0ee81616b7201683e145
evaluation/default/cases/seed_101/stairs_10_up/summary.json	548	1525c794b36803a5f1cfd8ecdd0df84ed5994d676e9175dd503257cd5cf0d7d3
evaluation/default/cases/seed_101/stairs_15_down/case_identity.sha256	65	042d32253791701dfb5462b653a9dc1dab5b07e3fe34a51952bf5b7b06e1eaf4
evaluation/default/cases/seed_101/stairs_15_down/metadata.json	20747	bee5a5123f2d18fb15b82498868bd1a16e8794daef2b15aa4cf5ae7ec4deea8b
evaluation/default/cases/seed_101/stairs_15_down/STATUS.txt	32	9e9e4be9adebe2e3d3dea6d3099c056c0801d5252a9bd9742594a398d8334f6e
evaluation/default/cases/seed_101/stairs_15_down/steps.csv	7052449	0d3e4255f43072225c85c171acf81d1cb18c960d3ff1fdae38e41f56208306c7
evaluation/default/cases/seed_101/stairs_15_down/summary.json	549	5a3589c7624100000513fee5125b05e34f8cadcd0a3dfad274811b44933c9dd9
evaluation/default/cases/seed_101/stairs_15_up/case_identity.sha256	65	dde0c064c409a42b20305c0c504ffb15d6575fb13104296ceb0a06191d3eb3f6
evaluation/default/cases/seed_101/stairs_15_up/metadata.json	20745	e0772d04e11c6b2b53c67da7b081d8c19b152882ae3ac07ed8c630c42d795e6e
evaluation/default/cases/seed_101/stairs_15_up/STATUS.txt	32	9e9e4be9adebe2e3d3dea6d3099c056c0801d5252a9bd9742594a398d8334f6e
evaluation/default/cases/seed_101/stairs_15_up/steps.csv	7021506	ecc160306d7650d709d6f4d67dd44890000eacef4846034b77474981ea0ff6da
evaluation/default/cases/seed_101/stairs_15_up/summary.json	549	9213a54d7ff8879ad241beb985253f54ab7e18d7e0b89f15ee31a8bf16afbdeb
evaluation/default/cases/seed_202/backward/case_identity.sha256	65	cd622b2bfe3fdf4146d0eccd418c84cab18f3fd69794730b7cacce442e4086dc
evaluation/default/cases/seed_202/backward/metadata.json	20745	155e40c2816316fc6a192567901d08919df0dfd880d9585321b89c0ec6ca770a
evaluation/default/cases/seed_202/backward/STATUS.txt	32	9e9e4be9adebe2e3d3dea6d3099c056c0801d5252a9bd9742594a398d8334f6e
evaluation/default/cases/seed_202/backward/steps.csv	7003580	a1d42d1cffcbad70c2e7e9f16a5c99c6a7b524035af8541947760e18ba1e8577
evaluation/default/cases/seed_202/backward/summary.json	550	d69f7a6552c986f4dcbbd32e043a20cbae4c97d46f65f4b1d32640d4be660a6b
evaluation/default/cases/seed_202/combined_yaw_left/case_identity.sha256	65	0d0ef444f9787ac112101e1db1d5ed65aa6c71eaaaf7b3fbcac8c189b4eea3be
evaluation/default/cases/seed_202/combined_yaw_left/metadata.json	20754	589029d0c5329c1c58f446457374e3c52114ae998cc8bff9bc5c993fa183d231
evaluation/default/cases/seed_202/combined_yaw_left/STATUS.txt	32	9e9e4be9adebe2e3d3dea6d3099c056c0801d5252a9bd9742594a398d8334f6e
evaluation/default/cases/seed_202/combined_yaw_left/steps.csv	7455082	49cb86fcd0658cf200c8a33262cb22535885d3defd1a96898f94db6b76ccd417
evaluation/default/cases/seed_202/combined_yaw_left/summary.json	548	7cbd776162970fd2bd53b2176876c3c65ed14d6c23e3665aff66c83ee61a1ff2
evaluation/default/cases/seed_202/combined_yaw_right/case_identity.sha256	65	482b10c35187353648ae98ce7f38227a4653b6c6039701a9b7e7f16dfd1c27a8
evaluation/default/cases/seed_202/combined_yaw_right/metadata.json	20755	daae33d762beb2e92890974ff10dd848b68677e493bf1d075b8d8dfc550beee7
evaluation/default/cases/seed_202/combined_yaw_right/STATUS.txt	32	9e9e4be9adebe2e3d3dea6d3099c056c0801d5252a9bd9742594a398d8334f6e
evaluation/default/cases/seed_202/combined_yaw_right/steps.csv	7438535	0335823c5bc4a512a15ca5418a18f44d24415b5105c988d89cbd77b953f51630
evaluation/default/cases/seed_202/combined_yaw_right/summary.json	563	956198c9a2d2d888eba2bbe24020bca75e5b5c6f041e111aec5f1018c674e9f1
evaluation/default/cases/seed_202/diagonal_left/case_identity.sha256	65	91bf45cb2e37c0b2174bc3e2abd5a0f30d0b14a67178b45555874f76fe4edf2b
evaluation/default/cases/seed_202/diagonal_left/metadata.json	20750	3f5e5a65062f76f2c53129c450194a503f5ca707069fdf35bc5e2504af1a5f6f
evaluation/default/cases/seed_202/diagonal_left/STATUS.txt	32	9e9e4be9adebe2e3d3dea6d3099c056c0801d5252a9bd9742594a398d8334f6e
evaluation/default/cases/seed_202/diagonal_left/steps.csv	7520747	e5e1c103bde864834fe7d93456868090f577d80cdb1294d787d0339ef29f3cd1
evaluation/default/cases/seed_202/diagonal_left/summary.json	547	1697eb7fa2b94d2645ef817dd4dff82c97c1fef95dc2d23dd2ad3add2f26ec65
evaluation/default/cases/seed_202/diagonal_right/case_identity.sha256	65	4059580f6dd64171b9a995e6287c5c9f104224bbbcd3db803f898d4911d31b3a
evaluation/default/cases/seed_202/diagonal_right/metadata.json	20751	cfc5e7a19f7632b10c78fa43b65001a2507ea96820ef70054d6cc017cb45cd23
evaluation/default/cases/seed_202/diagonal_right/STATUS.txt	32	9e9e4be9adebe2e3d3dea6d3099c056c0801d5252a9bd9742594a398d8334f6e
evaluation/default/cases/seed_202/diagonal_right/steps.csv	7542262	674b46561140242c66f1431f259be287c0970b723488dc184c1aed0fd7fc5c74
evaluation/default/cases/seed_202/diagonal_right/summary.json	548	0034eb3b7867b38bd8ed30910ed69600a0ba061fbd438cb7b271b65046833a82
evaluation/default/cases/seed_202/dr_seed_202/case_identity.sha256	65	1015b59c0fb77127286a52b83004ddcdddcd475c0b59ce90c9755cc1f64e6650
evaluation/default/cases/seed_202/dr_seed_202/metadata.json	20748	34faba5a476042211f62f38ccc6142702f3a91515bdbf22ac14b41025d919b5c
evaluation/default/cases/seed_202/dr_seed_202/STATUS.txt	32	9e9e4be9adebe2e3d3dea6d3099c056c0801d5252a9bd9742594a398d8334f6e
evaluation/default/cases/seed_202/dr_seed_202/steps.csv	7003197	d484f1a91fa596f8c1ddde3fd38995fae7fb4899b69246ed5c2a2b98470c900b
evaluation/default/cases/seed_202/dr_seed_202/summary.json	549	0c591483349e29085d0e749daecbb7011579d35fe55dd0fa268dfb0eef8cd467
evaluation/default/cases/seed_202/forward_fast/case_identity.sha256	65	07e8c5f6d92aa45980b486718582536909c0b7504e25788a299de8a90c8dd4c9
evaluation/default/cases/seed_202/forward_fast/metadata.json	20749	f0ba5129779b7b38838329100396402c597bfcb5645790a0dba97abdf5645df2
evaluation/default/cases/seed_202/forward_fast/STATUS.txt	32	9e9e4be9adebe2e3d3dea6d3099c056c0801d5252a9bd9742594a398d8334f6e
evaluation/default/cases/seed_202/forward_fast/steps.csv	7503887	532a88025ea1df94ab4a7b2f493437448bf26b11f73e850a8d801b5d0308131d
evaluation/default/cases/seed_202/forward_fast/summary.json	548	e87aea915ea5f52ce95159cff06a8ee0e88f284e51e25adf293da2f8748a81f3
evaluation/default/cases/seed_202/forward_nominal/case_identity.sha256	65	206d52347c0450c23a0a6e82585ce56b0feaef07137dd20a0fef69eb105a17c4
evaluation/default/cases/seed_202/forward_nominal/metadata.json	20752	a8d198fbf3501caa5bea6f0c8291ff2ddc9165e9f514f0d3e1a0b3af8459ad8b
evaluation/default/cases/seed_202/forward_nominal/STATUS.txt	32	9e9e4be9adebe2e3d3dea6d3099c056c0801d5252a9bd9742594a398d8334f6e
evaluation/default/cases/seed_202/forward_nominal/steps.csv	7058456	918c2d9dbcdf80d5cae9fb2f547ecb08b3f421dc95d49fa4144ee5292665a5fe
evaluation/default/cases/seed_202/forward_nominal/summary.json	550	af3770dbe34cc1393151f98cba5024edccb8ef75cf6a836756ad3d016557dc45
evaluation/default/cases/seed_202/forward_slow/case_identity.sha256	65	e28e784aaf41c13dddecd50a2510f456454a27a95797cdd7666927b5c5eef1ac
evaluation/default/cases/seed_202/forward_slow/metadata.json	20749	0122ee201cede91ec3f0dcfcc0e882f17fe3c5c79135aab1916a3dc9ec73b75f
evaluation/default/cases/seed_202/forward_slow/STATUS.txt	32	9e9e4be9adebe2e3d3dea6d3099c056c0801d5252a9bd9742594a398d8334f6e
evaluation/default/cases/seed_202/forward_slow/steps.csv	7518607	d20c91d3a7583330a2b676c8ac35fc96d3419962930955dd6b0c011649786bb2
evaluation/default/cases/seed_202/forward_slow/summary.json	549	6b562f2d37f164bfec37e18102d1ba80572376b8689a07101f16156cd4bf76b8
evaluation/default/cases/seed_202/left/case_identity.sha256	65	93a904d1f31e754b6e56382e44a21f1e133d5f2ed372267027f3252fbb6d80f1
evaluation/default/cases/seed_202/left/metadata.json	20741	fb0a2bc80ed267bb22ff1f7a188848d85797c0f04403cda62bdc46ff7eb38dd5
evaluation/default/cases/seed_202/left/STATUS.txt	32	9e9e4be9adebe2e3d3dea6d3099c056c0801d5252a9bd9742594a398d8334f6e
evaluation/default/cases/seed_202/left/steps.csv	7467994	166bc079cda328ff8e9e74ee88d401f322e36210c733094e03e7d7939b8b94c0
evaluation/default/cases/seed_202/left/summary.json	548	b431802ceebd926edaea29209cf5f8fe28ee57cd12ce6913f5d73b4ac452d220
evaluation/default/cases/seed_202/push_neg_x/case_identity.sha256	65	0207a4320a87d86b9adf206dbcc52a7480d48347593cd75f2069d3f840716cfa
evaluation/default/cases/seed_202/push_neg_x/metadata.json	20980	f05689eac74fb807808b523f40bfff9a9cc12fb4cdc47b6f2b8f512180076cb8
evaluation/default/cases/seed_202/push_neg_x/STATUS.txt	32	9e9e4be9adebe2e3d3dea6d3099c056c0801d5252a9bd9742594a398d8334f6e
evaluation/default/cases/seed_202/push_neg_x/steps.csv	7008566	aaf6c02b93d80ff1c0aea1fc9b488528e11af1477e041af67cb13d14fbf8a04c
evaluation/default/cases/seed_202/push_neg_x/summary.json	553	9948e67310e539929861e5cc2b7304f408a2fa21b83e9f228496d09641312411
evaluation/default/cases/seed_202/push_neg_y/case_identity.sha256	65	863a90c9a9170fee6f5835188009b4b8e28c9be206968ffbb0f96c9c251fb59f
evaluation/default/cases/seed_202/push_neg_y/metadata.json	20980	7c6a46a70ad984b2aa7040d35aeebcccda87329f4525b154a13d67b223f507c3
evaluation/default/cases/seed_202/push_neg_y/STATUS.txt	32	9e9e4be9adebe2e3d3dea6d3099c056c0801d5252a9bd9742594a398d8334f6e
evaluation/default/cases/seed_202/push_neg_y/steps.csv	7010464	d17650d91f2cb54d8857b91e89f465706d947246608b7b54e0a04f07b1b23294
evaluation/default/cases/seed_202/push_neg_y/summary.json	554	a3d82cd6580a25aeee851b7f346a11063cb9b852d2ccef757bffa916bbd2dca6
evaluation/default/cases/seed_202/push_pos_x/case_identity.sha256	65	00b480d8716d46d075e2c06629d4c1578e5137a2864fa91414f4daec1a32060e
evaluation/default/cases/seed_202/push_pos_x/metadata.json	20978	939843eeb3a92d75d7f96143477f0ab49580914f9203a47f352bd8b3aa3b5ce7
evaluation/default/cases/seed_202/push_pos_x/STATUS.txt	32	9e9e4be9adebe2e3d3dea6d3099c056c0801d5252a9bd9742594a398d8334f6e
evaluation/default/cases/seed_202/push_pos_x/steps.csv	7008326	7051b5f1ad8ae18a23f8f2ac24bc039c9b0234fe5c246d2e69e5e823d316a4c8
evaluation/default/cases/seed_202/push_pos_x/summary.json	555	a1b02cc893c8674e78271fd8b02ec469ff1305fc18d6d83dbca81cd62f5a81a9
evaluation/default/cases/seed_202/push_pos_y/case_identity.sha256	65	11de36ce160c03f612937403c1e33de933e1ee66ad5a24868807b06569132bca
evaluation/default/cases/seed_202/push_pos_y/metadata.json	20978	99895cd042f944c4e45c6ff53179dd4115b401a62e9e9229dab62c4e10788188
evaluation/default/cases/seed_202/push_pos_y/STATUS.txt	32	9e9e4be9adebe2e3d3dea6d3099c056c0801d5252a9bd9742594a398d8334f6e
evaluation/default/cases/seed_202/push_pos_y/steps.csv	7007997	297d23a9741d99684de77edecec4bdd45c5e24728a5ff7601ff84166d5da6b2e
evaluation/default/cases/seed_202/push_pos_y/summary.json	555	50f9a2898f27addeeafa5d84198e83f02ce937fe7a6eefe919e98c4b5392b3f5
evaluation/default/cases/seed_202/right/case_identity.sha256	65	f7c6c3d47ae0bb06ce210e9791de2f7f04ed3682b119878e17522347c435a314
evaluation/default/cases/seed_202/right/metadata.json	20742	11b765e010daeb376a3545dc0cd1d3086a23d8a614c8ac1baaeda69488a80683
evaluation/default/cases/seed_202/right/STATUS.txt	32	9e9e4be9adebe2e3d3dea6d3099c056c0801d5252a9bd9742594a398d8334f6e
evaluation/default/cases/seed_202/right/steps.csv	7505484	5fc03a308f8bd7ff145dacb8d9b925156cd9e4c3f879f4c0e6d05a07208f82fa
evaluation/default/cases/seed_202/right/summary.json	549	2a37595008d1ca09679d448807ca9ac19305ffc0acdcf129c7530f72b08ee503
evaluation/default/cases/seed_202/rough_forward/case_identity.sha256	65	075c2ac03b1f57de17431c512674017090b7ee4213738ca07d1cd9c2a1635d29
evaluation/default/cases/seed_202/rough_forward/metadata.json	20750	faf49bd90847fcc2b5265f8285f69d6fed8a68f8707511719f09e50301e5a0cd
evaluation/default/cases/seed_202/rough_forward/STATUS.txt	32	9e9e4be9adebe2e3d3dea6d3099c056c0801d5252a9bd9742594a398d8334f6e
evaluation/default/cases/seed_202/rough_forward/steps.csv	7003197	d484f1a91fa596f8c1ddde3fd38995fae7fb4899b69246ed5c2a2b98470c900b
evaluation/default/cases/seed_202/rough_forward/summary.json	550	bb7a90af2473088280f84aa14f834448298fba7a34ae1c0a03ce0fec496276c6
evaluation/default/cases/seed_202/rough_lateral/case_identity.sha256	65	e80c1fbcbbdad77850e75e0b67bf92e3d5f98b4150a68e3d9179c8060278d8c9
evaluation/default/cases/seed_202/rough_lateral/metadata.json	20750	e3296a88a38fe75cc83d1bb9dd3a73fae18dc079e3184709eb30f169e36a76bd
evaluation/default/cases/seed_202/rough_lateral/STATUS.txt	32	9e9e4be9adebe2e3d3dea6d3099c056c0801d5252a9bd9742594a398d8334f6e
evaluation/default/cases/seed_202/rough_lateral/steps.csv	7523483	119ce7c17eb8bfbc30cfdabade2e9b9c18b3d491fe5a1ea6e5f27fdb87e50b89
evaluation/default/cases/seed_202/rough_lateral/summary.json	552	03924075518f30d66dca8f6bad8918ff419cb67332ff4d65d7f092c081d908bf
evaluation/default/cases/seed_202/slope_minus_20/case_identity.sha256	65	d9b42851d74a6794343fd9715439e8daf90e4bef7965e08fd18f8cbae4664f09
evaluation/default/cases/seed_202/slope_minus_20/metadata.json	20751	d0fbaa29713215c0acd99c4319413528ea23bff72a574f22bc62d41767175d48
evaluation/default/cases/seed_202/slope_minus_20/STATUS.txt	32	9e9e4be9adebe2e3d3dea6d3099c056c0801d5252a9bd9742594a398d8334f6e
evaluation/default/cases/seed_202/slope_minus_20/steps.csv	7024564	6ca6686d6b6436836a618cc4093520cf633d5dd7a65793076aac568f83c59017
evaluation/default/cases/seed_202/slope_minus_20/summary.json	550	f3caae464ef955fe2152e5bf7aadd77dc513b72cd3d348ec7652d6a853f8bc62
evaluation/default/cases/seed_202/slope_plus_20/case_identity.sha256	65	db3f0d326af41399555a31745f02676becbf8d867b1ecd373392278e2ace9839
evaluation/default/cases/seed_202/slope_plus_20/metadata.json	20750	65fcb4d273228762ccd4dfc2c34aa6317068cbc67e6ec4d18ff9c072b54af4dd
evaluation/default/cases/seed_202/slope_plus_20/STATUS.txt	32	9e9e4be9adebe2e3d3dea6d3099c056c0801d5252a9bd9742594a398d8334f6e
evaluation/default/cases/seed_202/slope_plus_20/steps.csv	7062811	e104c291621602d1f104e6fc3fe2c2b32aa1e7678fe6c4a43119a06b5822dbff
evaluation/default/cases/seed_202/slope_plus_20/summary.json	549	7ab999344ae03f3d58728c1b7ecbc8fe589bb8e3e6089f72854df0cfeb95b78a
evaluation/default/cases/seed_202/stairs_10_down/case_identity.sha256	65	839e5475cb2abeb1f7cc2cbf14f1d70c8a68cde62a7aea43a8e5abcefe51befa
evaluation/default/cases/seed_202/stairs_10_down/metadata.json	20751	63fb5d7e8a266cce6624820fc367309ba9a699a5787ba6b5f78a043e2f756437
evaluation/default/cases/seed_202/stairs_10_down/STATUS.txt	32	9e9e4be9adebe2e3d3dea6d3099c056c0801d5252a9bd9742594a398d8334f6e
evaluation/default/cases/seed_202/stairs_10_down/steps.csv	7058001	bc862b7351e57eb43a57c34c0f0f2edef5b9403857c1bb24d96ee6d9a0e11ddf
evaluation/default/cases/seed_202/stairs_10_down/summary.json	550	47106452b3e4860f5c7df24fd542fd1cd63cb5358d48fdc60fcfbf50f6f71d49
evaluation/default/cases/seed_202/stairs_10_up/case_identity.sha256	65	27db70f0d576dc7310bb8c1116caf737079b357742d104db07ea7c3ac1b2c488
evaluation/default/cases/seed_202/stairs_10_up/metadata.json	20749	244c8df90300bdd30a4fe7dcd35cb51c352b7e8f572b150c7c35faf615c5e9a8
evaluation/default/cases/seed_202/stairs_10_up/STATUS.txt	32	9e9e4be9adebe2e3d3dea6d3099c056c0801d5252a9bd9742594a398d8334f6e
evaluation/default/cases/seed_202/stairs_10_up/steps.csv	7029259	501d53e8b9a9c0c6ecb977c223c36db84446e2d306247675ab1f126b1d8a7a7d
evaluation/default/cases/seed_202/stairs_10_up/summary.json	550	a2ece5567e3c0fabaf72b43b8c9869e262a07646a9fa73f1bf79a8565840d3f0
evaluation/default/cases/seed_202/stairs_15_down/case_identity.sha256	65	023bcf53bcc44f5fbaa214206d2dd357e93a6b63bfb07eafa6cb46040642e305
evaluation/default/cases/seed_202/stairs_15_down/metadata.json	20751	50f4642e309ed279c1099fea1438c4231d278c841a0a479186dd430333fd4df3
evaluation/default/cases/seed_202/stairs_15_down/STATUS.txt	32	9e9e4be9adebe2e3d3dea6d3099c056c0801d5252a9bd9742594a398d8334f6e
evaluation/default/cases/seed_202/stairs_15_down/steps.csv	7049894	f01d119f7823d92da2dff57a84e6eeb12d089070626391f89cc6ca4905ab0770
evaluation/default/cases/seed_202/stairs_15_down/summary.json	548	b54a19d81e9fc94f5768ebc7432a3ccb96507ee775777989155b1f4714c22fdc
evaluation/default/cases/seed_202/stairs_15_up/case_identity.sha256	65	1492a15fcb054bc1540309b100d80409ec835b6ff1dd0833c9d460e06ba6356a
evaluation/default/cases/seed_202/stairs_15_up/metadata.json	20749	999826bab18993e046de5e4129525be285b35e4948c5b0705efdd3fd7a6864ea
evaluation/default/cases/seed_202/stairs_15_up/STATUS.txt	32	9e9e4be9adebe2e3d3dea6d3099c056c0801d5252a9bd9742594a398d8334f6e
evaluation/default/cases/seed_202/stairs_15_up/steps.csv	7024085	d58ba966ddb22a7b0540d55be89efd9efb24b464fc083bcf0fe852717bf76c3b
evaluation/default/cases/seed_202/stairs_15_up/summary.json	548	f14601b4405a0e3356d24a85ad3f65d97bf1563216975101a9f390d7dacd6a73
evaluation/default/cases/seed_303/backward/case_identity.sha256	65	00e2694220e3b11b80d5cfbfc34e73908e3a309c91f25590b7b36cad6b09487d
evaluation/default/cases/seed_303/backward/metadata.json	20742	97a438ffd2dbb2a1743e993ea24014926476e3f3131a418f4005eae2053a83db
evaluation/default/cases/seed_303/backward/STATUS.txt	32	9e9e4be9adebe2e3d3dea6d3099c056c0801d5252a9bd9742594a398d8334f6e
evaluation/default/cases/seed_303/backward/steps.csv	6996856	4e5f644c2e6143ece55327faed6cf8ce59f4488d482794ced238768cb0d2f872
evaluation/default/cases/seed_303/backward/summary.json	547	7c6180231c904abcd14aa26bfc77930c0eabd93c5d9f807430192187089bc803
evaluation/default/cases/seed_303/combined_yaw_left/case_identity.sha256	65	be865de2d940c8c3ad23f1cbb02523e82da5ef969db010f7d2fd88a86c542ad2
evaluation/default/cases/seed_303/combined_yaw_left/metadata.json	20751	3ff39d7fdd28924bd6b72ea5f93dee4b75c27366592d716c75fba04c09692bc4
evaluation/default/cases/seed_303/combined_yaw_left/STATUS.txt	32	9e9e4be9adebe2e3d3dea6d3099c056c0801d5252a9bd9742594a398d8334f6e
evaluation/default/cases/seed_303/combined_yaw_left/steps.csv	7450136	7f8bf386c0df494aba06a65d7ff2444f63e952aad384bd8a37fc591c340fb434
evaluation/default/cases/seed_303/combined_yaw_left/summary.json	546	1ff31e1a7eaf2a658682a87b1165971a3a78c01850582b735ad5748be0ad53d1
evaluation/default/cases/seed_303/combined_yaw_right/case_identity.sha256	65	b9416cc0867425717812f0f194ca11207c84f1e847b99688214e11c25b5baecc
evaluation/default/cases/seed_303/combined_yaw_right/metadata.json	20752	54c83c62134356b12282f486702b2f2b61bd37a1c8199934fb2e2ccf41c3ee1e
evaluation/default/cases/seed_303/combined_yaw_right/STATUS.txt	32	9e9e4be9adebe2e3d3dea6d3099c056c0801d5252a9bd9742594a398d8334f6e
evaluation/default/cases/seed_303/combined_yaw_right/steps.csv	7438518	1c662b778f5a592035bd69a94d1c8a8c1072de59841fb50eb8c39ea635082444
evaluation/default/cases/seed_303/combined_yaw_right/summary.json	566	75d95344c88a495ff55504ff2d1c1bbf7342039313cf027f8422aa41f9704655
evaluation/default/cases/seed_303/diagonal_left/case_identity.sha256	65	8d2e77d91d1e77b7d5523563a7fd5d870268c2e962a7e9c4e92cdff0efdba102
evaluation/default/cases/seed_303/diagonal_left/metadata.json	20747	37431cad935c4eb4f3771a3e9f9425aa5525e384992d85db56b499e45eb83381
evaluation/default/cases/seed_303/diagonal_left/STATUS.txt	32	9e9e4be9adebe2e3d3dea6d3099c056c0801d5252a9bd9742594a398d8334f6e
evaluation/default/cases/seed_303/diagonal_left/steps.csv	7506723	d07d750b62167d61fb31305a87e3daf154703bd5f47558d9bdd67d5230e77aa4
evaluation/default/cases/seed_303/diagonal_left/summary.json	549	7c6d1ea3b855f531ecdd66e60f815cb6033ae91c5b4b3fe118704caf71d061e5
evaluation/default/cases/seed_303/diagonal_right/case_identity.sha256	65	23f236369830cbf1f5c836f781ff58d53b7e4f353bb655a956de506539e2fd38
evaluation/default/cases/seed_303/diagonal_right/metadata.json	20748	31f0d6a64db550a88f16e2884c5fb4a1829e74f5a27deeb15d8c65f84db9bed9
evaluation/default/cases/seed_303/diagonal_right/STATUS.txt	32	9e9e4be9adebe2e3d3dea6d3099c056c0801d5252a9bd9742594a398d8334f6e
evaluation/default/cases/seed_303/diagonal_right/steps.csv	7548634	eefe685977f478ff30876a7967b2409ef84856fdc29112d9258f14a825a6cda1
evaluation/default/cases/seed_303/diagonal_right/summary.json	547	9b62bdf2a4518f0467dedc58366cffc0d9fc7b8a3fb81e3861847857e2de2324
evaluation/default/cases/seed_303/dr_seed_303/case_identity.sha256	65	fdf1a199b9fcce4eb140d1222eaa72b7c39d2700b0fb6351a819eb7a75daefc2
evaluation/default/cases/seed_303/dr_seed_303/metadata.json	20745	f9183eb858c8663fd13194f6b1bf081f809c5c5999dc0d26d91d0a6b8a47e8f1
evaluation/default/cases/seed_303/dr_seed_303/STATUS.txt	32	9e9e4be9adebe2e3d3dea6d3099c056c0801d5252a9bd9742594a398d8334f6e
evaluation/default/cases/seed_303/dr_seed_303/steps.csv	7001810	646d52bf30f1afc5c8a909bed933c4f8b3a3df81163b9156025d9a38870a11be
evaluation/default/cases/seed_303/dr_seed_303/summary.json	551	da2638830e7a8d3753f991c1ddc12126dab95542009ef17e96a0c65e978a4009
evaluation/default/cases/seed_303/forward_fast/case_identity.sha256	65	1122fdfb48315aaab4d9d49ffdc403a4c6ac8ddbd9cb392f2498bcbaf53d7d03
evaluation/default/cases/seed_303/forward_fast/metadata.json	20746	c75339a8d94d5cbdbf3ca50c5953b7ec7b3106fce6a8128e2e7b5b2bb3caf075
evaluation/default/cases/seed_303/forward_fast/STATUS.txt	32	9e9e4be9adebe2e3d3dea6d3099c056c0801d5252a9bd9742594a398d8334f6e
evaluation/default/cases/seed_303/forward_fast/steps.csv	7496922	10b83827724a8e547410db00eb3e6b7c5f163c99e8360c909f68d9d1d29f9d5b
evaluation/default/cases/seed_303/forward_fast/summary.json	547	6af2888156a2220d5cedbb99782f85612f5a0094115b3ca060049bf2a784027c
evaluation/default/cases/seed_303/forward_nominal/case_identity.sha256	65	25fa5f7faf5b4a89cc38ec9d63d5b669877ae7ac19947aa04ca8366b5575e113
evaluation/default/cases/seed_303/forward_nominal/metadata.json	20749	f0c78e2f20dadd0e2ae5d5264fbb30b97279705dcb54b9fd5be13d1f42783c5c
evaluation/default/cases/seed_303/forward_nominal/STATUS.txt	32	9e9e4be9adebe2e3d3dea6d3099c056c0801d5252a9bd9742594a398d8334f6e
evaluation/default/cases/seed_303/forward_nominal/steps.csv	7047716	6ba1ea02d13b65041f8a3bdc3b79c7006aeccdd2a70a6621a8c5e2f9e25f500c
evaluation/default/cases/seed_303/forward_nominal/summary.json	546	535e7d0df2985c31f838650189fd7af0e4c195bc9d00bb6b6ff4e5117b87034f
evaluation/default/cases/seed_303/forward_slow/case_identity.sha256	65	6a971bc21f5abc71a132ace51b00629df1ce86c38dbe765606f0a592fa740444
evaluation/default/cases/seed_303/forward_slow/metadata.json	20746	ea9349cf7e5f0087f77442b937c2442ad7b26b725349ad6ec23fe43cd19b12f2
evaluation/default/cases/seed_303/forward_slow/STATUS.txt	32	9e9e4be9adebe2e3d3dea6d3099c056c0801d5252a9bd9742594a398d8334f6e
evaluation/default/cases/seed_303/forward_slow/steps.csv	7519524	8c585c13d3dbf8bf9f631429efc3abc9bf7849ee199a0976590205e764096c83
evaluation/default/cases/seed_303/forward_slow/summary.json	546	d2085baa5cacc00833f93c10e8766afb7700b0db8a7d899295d1666ab0bebaf2
evaluation/default/cases/seed_303/left/case_identity.sha256	65	d2e9cdffe9c37f4fd1db2fd849452585a73168cc316dea989a567bf6d57d9727
evaluation/default/cases/seed_303/left/metadata.json	20738	13bc65a6d12b8dc0e691f17742790da99ab11152bf8dfba664341588d55f15bf
evaluation/default/cases/seed_303/left/STATUS.txt	32	9e9e4be9adebe2e3d3dea6d3099c056c0801d5252a9bd9742594a398d8334f6e
evaluation/default/cases/seed_303/left/steps.csv	7460221	b7c13f921c90a5f989dbb9dd98dfd339f5a82a35a8f3e2f376bcf5b1810785b6
evaluation/default/cases/seed_303/left/summary.json	549	5ae6bbb47c962602e88f11b156d5ba00aada9b838a7f23d2ecd5b7bc1e2c9a2f
evaluation/default/cases/seed_303/push_neg_x/case_identity.sha256	65	602ea4b6d202b8c7c2ef1ae393013ae675b10fa51651eea888794176f7655ee4
evaluation/default/cases/seed_303/push_neg_x/metadata.json	20977	0b8732d97ef92df9a2cf6d8d9016db811cca68681d879ff217b9111b0c59be84
evaluation/default/cases/seed_303/push_neg_x/STATUS.txt	32	9e9e4be9adebe2e3d3dea6d3099c056c0801d5252a9bd9742594a398d8334f6e
evaluation/default/cases/seed_303/push_neg_x/steps.csv	6999432	5ee2820f6991c4a1eaedb1e036a8ee3dcfcdde35c09ad9adac22553f46804249
evaluation/default/cases/seed_303/push_neg_x/summary.json	556	22e36701f92dad7cfa27f0928816e32f5f41760041f7378348491df3ec98a382
evaluation/default/cases/seed_303/push_neg_y/case_identity.sha256	65	3333665d727ad99f08033c1e660f430b49992029ae9de45b788b68ef519a43e4
evaluation/default/cases/seed_303/push_neg_y/metadata.json	20977	fd26c16ca0c28f1c1122d8953c96c65c33dc0f1ee399a4200119c41595360b0b
evaluation/default/cases/seed_303/push_neg_y/STATUS.txt	32	9e9e4be9adebe2e3d3dea6d3099c056c0801d5252a9bd9742594a398d8334f6e
evaluation/default/cases/seed_303/push_neg_y/steps.csv	7002113	551a96ef636fb239557d4a0081783aaa74cda6cda4cad05fc85bd341e573610f
evaluation/default/cases/seed_303/push_neg_y/summary.json	556	388778274f012047ace0bc3602c5b6ac6a6bb3791bdaf81103025e9ef0389b9c
evaluation/default/cases/seed_303/push_pos_x/case_identity.sha256	65	f253c93d49673e61a3ed177c5033bf42cda5ed9782b5e26ba9db2b794fbcab64
evaluation/default/cases/seed_303/push_pos_x/metadata.json	20975	2d38cdfe2c1ac4318f39a36b0f0174d203474bb209c39380386925ec5c8e69db
evaluation/default/cases/seed_303/push_pos_x/STATUS.txt	32	9e9e4be9adebe2e3d3dea6d3099c056c0801d5252a9bd9742594a398d8334f6e
evaluation/default/cases/seed_303/push_pos_x/steps.csv	7003851	9a3c6d4e00cb2100d6755431e61d94f3d2d163749c40ff4019bb908b8b651cda
evaluation/default/cases/seed_303/push_pos_x/summary.json	556	bff3e1a2e72bfb5020fa33f7fbd8f6180e111a4dcf8a48915b325b5d474cdb0b
evaluation/default/cases/seed_303/push_pos_y/case_identity.sha256	65	5418b6aa6d4ce81c7c0e0297dbcc76121745dcc826fca22466915c135af926b9
evaluation/default/cases/seed_303/push_pos_y/metadata.json	20975	269dd8ef2fd8d7129e5d2ea268847147a6dcaa488dfb3d2a537be3c80f5b14c6
evaluation/default/cases/seed_303/push_pos_y/STATUS.txt	32	9e9e4be9adebe2e3d3dea6d3099c056c0801d5252a9bd9742594a398d8334f6e
evaluation/default/cases/seed_303/push_pos_y/steps.csv	7002275	1fda3d458853323a2e54d3e75d83f807434c0611dea4904edf8341f9774cd2d4
evaluation/default/cases/seed_303/push_pos_y/summary.json	554	c0e3c13f58e8ae01951851af7fd87a7de09430c051eb2597755ebdb5bdb2d714
evaluation/default/cases/seed_303/right/case_identity.sha256	65	f6cbd38be65989ae4b92c03549d43c87f74a84d6bfb8b43cb545ac147dddca77
evaluation/default/cases/seed_303/right/metadata.json	20739	f9718c411f08c692db98075a83870067a034ee90553f61b5f36679e37a06f318
evaluation/default/cases/seed_303/right/STATUS.txt	32	9e9e4be9adebe2e3d3dea6d3099c056c0801d5252a9bd9742594a398d8334f6e
evaluation/default/cases/seed_303/right/steps.csv	7499911	17c448629850d225ac1b0c84ab98dbaa816c3a50b7453efc55b5ba8d09594cf1
evaluation/default/cases/seed_303/right/summary.json	548	5cc67d4122d49e814c546ebf6a2ac76615dcc12655f43c91e24ae6811b060bd4
evaluation/default/cases/seed_303/rough_forward/case_identity.sha256	65	fb1ccad1ef1dc98ff28e1ebaa6e4bdc5c3f19236576087fd9cb8d7bf6ef4d8f9
evaluation/default/cases/seed_303/rough_forward/metadata.json	20747	1017773b8432dd5fe023dc8abf40dc8594eac483c3de4d51169d889d3db1294b
evaluation/default/cases/seed_303/rough_forward/STATUS.txt	32	9e9e4be9adebe2e3d3dea6d3099c056c0801d5252a9bd9742594a398d8334f6e
evaluation/default/cases/seed_303/rough_forward/steps.csv	7001810	646d52bf30f1afc5c8a909bed933c4f8b3a3df81163b9156025d9a38870a11be
evaluation/default/cases/seed_303/rough_forward/summary.json	550	5fe68919da5beb930bfc3092c1a0b7d61c601b6081913a8efb1376976bddec9b
evaluation/default/cases/seed_303/rough_lateral/case_identity.sha256	65	d3c83fa939a5a07571213925b248d4c3eaa7dfe1c5fa488a84711444b0a765d8
evaluation/default/cases/seed_303/rough_lateral/metadata.json	20747	a9f8a8745532bce8a4179fee53760ed8da4b18112b86a2b7424b719b31725d0c
evaluation/default/cases/seed_303/rough_lateral/STATUS.txt	32	9e9e4be9adebe2e3d3dea6d3099c056c0801d5252a9bd9742594a398d8334f6e
evaluation/default/cases/seed_303/rough_lateral/steps.csv	7524751	bcc2dcc873c0d7649ec7ec0c4d6c8fa3e4c74eb33a55aab6fa91ba073e481897
evaluation/default/cases/seed_303/rough_lateral/summary.json	551	373dfa6afaa388a799a1875184e9562b2daaa1843d59552e1541616a0f4d5d9f
evaluation/default/cases/seed_303/slope_minus_20/case_identity.sha256	65	d242deea8e4b2b0b1126a52170138c8e14efe1de5b4178f4e99402717f0d95e4
evaluation/default/cases/seed_303/slope_minus_20/metadata.json	20748	d6bc221b88fc9c177e5f9258515e40a63df249792304721773e6d3014c633567
evaluation/default/cases/seed_303/slope_minus_20/STATUS.txt	32	9e9e4be9adebe2e3d3dea6d3099c056c0801d5252a9bd9742594a398d8334f6e
evaluation/default/cases/seed_303/slope_minus_20/steps.csv	7024597	9d5cfdccfe60d2e3d306fa57828de4779000bd9be8b779a2989207b281537b9f
evaluation/default/cases/seed_303/slope_minus_20/summary.json	550	f08ca5d522080fd3baff70c2cdcfc2e8fc2656bd9c0d8f3d3f3257611329610e
evaluation/default/cases/seed_303/slope_plus_20/case_identity.sha256	65	f72b888594ab72498955331d9bea8b5f3c553d4153331b5b7a8eb2b089ef9118
evaluation/default/cases/seed_303/slope_plus_20/metadata.json	20747	4c0ec45e4919cd7213ffee3ee37c85e959e34d0a4abf496e3b08321a98a4f4f8
evaluation/default/cases/seed_303/slope_plus_20/STATUS.txt	32	9e9e4be9adebe2e3d3dea6d3099c056c0801d5252a9bd9742594a398d8334f6e
evaluation/default/cases/seed_303/slope_plus_20/steps.csv	7061699	ddbbfc51fbc0c7bbacd8feffffdf3dbd1274649383baf3e2f2bc4c2c16bd6321
evaluation/default/cases/seed_303/slope_plus_20/summary.json	551	e7a7e1b3488b5e7fcf781270e026ed2af9790c907f7fa6dcee0a93470ea50bd6
evaluation/default/cases/seed_303/stairs_10_down/case_identity.sha256	65	e6b639e59266528e8aad5a87c463cb4c6fcb2ace9e8218c1cabbce84620b1dfc
evaluation/default/cases/seed_303/stairs_10_down/metadata.json	20748	9731a8ba338feebb614a8e02ae2cbedfd010fa7926e6f12622920c4a01625610
evaluation/default/cases/seed_303/stairs_10_down/STATUS.txt	32	9e9e4be9adebe2e3d3dea6d3099c056c0801d5252a9bd9742594a398d8334f6e
evaluation/default/cases/seed_303/stairs_10_down/steps.csv	7051324	cf38b75b905dcfefce2b1a1190e318ce1864dfaa60c7e09d589ebe806d4b9578
evaluation/default/cases/seed_303/stairs_10_down/summary.json	549	8403b31b42ff6b59cd2d07885c3f5f0de05c663ea77242a1367c92397f621069
evaluation/default/cases/seed_303/stairs_10_up/case_identity.sha256	65	864921a30f6b37e2a6df8cb77c10d3921753e8a6bc7652e417e5bea6433ffe65
evaluation/default/cases/seed_303/stairs_10_up/metadata.json	20746	b720b518d01f9d564f7aecc90a4abdcf05a12b3d85115ac6737083169d3ed81b
evaluation/default/cases/seed_303/stairs_10_up/STATUS.txt	32	9e9e4be9adebe2e3d3dea6d3099c056c0801d5252a9bd9742594a398d8334f6e
evaluation/default/cases/seed_303/stairs_10_up/steps.csv	7027139	7d92db7b5f91922a49fc46d5d754c124fe53acc70e9da936f4252a37be8d072a
evaluation/default/cases/seed_303/stairs_10_up/summary.json	546	a4164aba0c075b1f0f2b91a3ef255caa4057d05336563dab9c5a9d58aa43f1df
evaluation/default/cases/seed_303/stairs_15_down/case_identity.sha256	65	94e308c82f08fde668b3c989ba14768945f9236858daf4877a0a99efdba5732f
evaluation/default/cases/seed_303/stairs_15_down/metadata.json	20748	de1ee50670d881a9753570fec006dfaf9d9fa10cc8f13f9c73c8ea6a77387ddf
evaluation/default/cases/seed_303/stairs_15_down/STATUS.txt	32	9e9e4be9adebe2e3d3dea6d3099c056c0801d5252a9bd9742594a398d8334f6e
evaluation/default/cases/seed_303/stairs_15_down/steps.csv	7045753	d586998489494077b4a5aeaafc337b49950415ae3fd82e17dd1877151931de44
evaluation/default/cases/seed_303/stairs_15_down/summary.json	547	cbdd5ff0fc09991f2e4a9e5b0960889520bc7edc6fb7615fccf837f21e46485a
evaluation/default/cases/seed_303/stairs_15_up/case_identity.sha256	65	d7c6337ba0619cdfe16b5a3d14f451e754bd245c11ef49168bfe7b214350ce23
evaluation/default/cases/seed_303/stairs_15_up/metadata.json	20746	c7b77d379568404c74bdf57ba581d14b2b48dc6d790ebb51ab2b52f55e830e26
evaluation/default/cases/seed_303/stairs_15_up/STATUS.txt	32	9e9e4be9adebe2e3d3dea6d3099c056c0801d5252a9bd9742594a398d8334f6e
evaluation/default/cases/seed_303/stairs_15_up/steps.csv	7021360	13c4fe5862e368afcacfe3d35784b7e3ba6d23a9ac88541f961d9a4eb6922024
evaluation/default/cases/seed_303/stairs_15_up/summary.json	548	89e5a06d4a0eea255a643c4f316f99a3849b7cc3ea4173df9ea0741f99ffddbc
evaluation/default/identity.json	268	23abee359dd480b0b3cb8a8902f54165505d51f4f8d0f13bff6012cd18c3da85
evaluation/default/policy.pt	1159510	407670a04da6133233348877c8bdcb0a281a617c008d86c86e884e9e46323026
evaluation/default/POLICY_LINEAGE.json	1178	f5076c0fb9f74c14ebebae2d238925940e028de1ed5b6432db830f65099e5798
evaluation/default/source/go2_eval_telemetry.py	10661	28d1d65187a4cc5237576e7e33485b6d9ab300d58699d8cca2379455480b6a67
evaluation/default/source/go2_policy_lineage.py	2309	a24173b3ffea0ed257ba51d17f98b31b5b96fc50dbab4aee2868f62e464d42a5
evaluation/default/source/go2_task/__init__.py	547	79f33a7dee52d88993b34a4c2d38071b603090f673867f2cb21eabb8b74be638
evaluation/default/source/go2_task/__pycache__/__init__.cpython-311.pyc	801	c82f2ea4b9b01cefee562131063590e42ab1f47686a29c53db21d15d142bd681
evaluation/default/source/go2_task/__pycache__/_finalize.cpython-311.pyc	67469	3cb54a96236df40f3ea01f9388e9073bcceba6d0749d7d0fd859a96685ff717d
evaluation/default/source/go2_task/__pycache__/agent_cfg.cpython-311.pyc	1778	c04346e46e96226af7a9427dfcea27b8f76ed2990c549c2c2b48f84e08fe9334
evaluation/default/source/go2_task/__pycache__/env_cfg.cpython-311.pyc	6556	7a0f27777f7464b844de2c07d2314c50c236163038ece797d74296a8a46932aa
evaluation/default/source/go2_task/_finalize.py	57518	38b8701db0e134957c921b0fba24c3a6697c9f384361e1f7d16d6d742808128d
evaluation/default/source/go2_task/agent_cfg.py	2098	dfc27f9919300ceb2a7d9141a4c0536ee589c3fec396b75b670b613ed934fbc3
evaluation/default/source/go2_task/env_cfg.py	6982	8273ee7033d8e967a09343a97878c5b6b6da9d653c2789371285afcc48c6706d
evaluation/default/source/play.py	20410	7ea8e255416181fe1b152870c9838d3a863658e24c64a25931d05c769eab52ca
evaluation/default/source/pyproject.toml	606	5afa174ba6ca70a8b24d1156c558864a1cec4e23d1f82e6f85e18ee451f09ba9
evaluation/default/source/quadruped_rewards.py	9353	1641dfd235646aaca8bd221fc0b28c2c076f7bd79d3c712660c44919a913775d
launcher.log	2015039	0742d8df5f4409a1b966277bdb697564a12b72d06b3e91f35a51cab5ccbd80ad
logs/default_training.log	1624985	f3c9b26bf7521c1f4357c7a51ce0b748319fdc76bd8564c82e0a3b7fddea8816
logs/default/seed_101_backward.log	4773	540694916e32808a3a7349b6d10021100727cea307a792c777ff7540c1a55428
logs/default/seed_101_combined_yaw_left.log	4782	bc843b2d3a68ea5b71d8137625e279d8d2495a7903581b94ba302bd92e4f19f5
logs/default/seed_101_combined_yaw_right.log	4783	093da249cbd197255b30322e09954086b8aad4acfffec4cbf741117d9bdfbc54
logs/default/seed_101_diagonal_left.log	4778	0715a04a55c5f15f9e61b76d550a6aefbc76d8dc9270193e0c79b3fab7e64244
logs/default/seed_101_diagonal_right.log	4779	417792dc082d72e11f30f05607cf1e4ae112810f0cb20be7ae8b5756f77d3ecc
logs/default/seed_101_dr_seed_101.log	4679	96ec28bd3852b413289d8e5dc7c1c459e760519874aa02605460acda1e776c75
logs/default/seed_101_forward_fast.log	4777	03f8655516fef43b42e6ed54edbbd5a151276b9050e8d68f09e531eec7d72518
logs/default/seed_101_forward_nominal.log	4780	0daf216740b48fec44ca4a17a6c0983dafb7f9c2d718ad64122af8ff86d3f675
logs/default/seed_101_forward_slow.log	4777	d5c86f013b73f16680e54f4bf6ca298d86b80a963884e3268715d996001647a2
logs/default/seed_101_left.log	4769	a018a8a1b7b6814343de51685405b21cbb4f0321374af3e3b1a95a126b647908
logs/default/seed_101_push_neg_x.log	4862	359c8635e33a3b1f6f95da6e2778777fce4cfbf01928d6686720d17d2c626cbd
logs/default/seed_101_push_neg_y.log	4862	a03dd486c81b2bfe1c02d747f93e8cf8fa6b8f0bc59cdc63afb3b5031e51581b
logs/default/seed_101_push_pos_x.log	4861	11c64c9af540a06534437a56ab7b63d260524b4034884f686b2f223694030b22
logs/default/seed_101_push_pos_y.log	4861	be9f820bcf220167171f81cf4ba82a3dac9099e0efa14b80caff942c4be60114
logs/default/seed_101_right.log	4770	488f7a71ad2ac3fb50a3a77a8b3e77d5f8e0bf4e3363cce115aaaf491c216024
logs/default/seed_101_rough_forward.log	4681	02a7856f04f434a605a35258974bb35fa52966bce47841ec03fa62dabba958e8
logs/default/seed_101_rough_lateral.log	4681	8f0342fc7c306548842a3feb6aa5af5cf6bf65e76f92063ea390c6529dcb155f
logs/default/seed_101_slope_minus_20.log	4682	12234887c57dec0ef183a2bcdb84d37c5190d2b98358f9f833af1130c56ea5b8
logs/default/seed_101_slope_plus_20.log	4681	1e24427117bb8d960abad62504a7e89b990d1246ba7c81892117239a85a6e01d
logs/default/seed_101_stairs_10_down.log	4682	df4305740853b6c22a557a526f22c3785272b31737dcf95cceddff496b600d01
logs/default/seed_101_stairs_10_up.log	4680	52c849b9fdfede36adbca659bd32c8c2924b0c096c8bca706d737cfc6cc8c262
logs/default/seed_101_stairs_15_down.log	4682	f9b1c530f01660ab557031bfe3a6c7b6366c859c16c7ba88b6500d5def5b4eec
logs/default/seed_101_stairs_15_up.log	4680	2eb648f4a7a6f802913e5f0740d6423a055808fe6ccc3b2e1a466ead9f19d1ec
logs/default/seed_202_backward.log	4773	541582e98b9042afca5431df94e570c14057be317eafbd10a5add718e4332953
logs/default/seed_202_combined_yaw_left.log	4782	d77be92f9661cbfe8927f8697ccfce94e371cc7032e2533638f359d48f277559
logs/default/seed_202_combined_yaw_right.log	4783	9d18d652ad54cbc39773f80bc585e9e7646cf4031a7b2d293f5f9e5ec9b02a32
logs/default/seed_202_diagonal_left.log	4778	45fbc5a624628bc0af17986e7af280288c2341b8a402d5a0bf42ddce8719f406
logs/default/seed_202_diagonal_right.log	4779	dc80ffe39599f1db331e105edbb54655f92fd26d5c5e140b55b9d75beb769bba
logs/default/seed_202_dr_seed_202.log	4679	a608ca38816978fb6d7cf4a9a919041e404d85702516382f08308cf9336161a3
logs/default/seed_202_forward_fast.log	4777	4e146efcef36f8d0ce5039cb6ac4c30235c5274b6ec6456cb927165bf858bc6e
logs/default/seed_202_forward_nominal.log	4780	02f9912b7d06592bb9e51839cf5182520a83131dc24842782ee910fc996ac6d1
logs/default/seed_202_forward_slow.log	4777	e0964eca28ebc40586d29aaf8b0969c2568b0bf4e6dba6f5e4241b2f7ab04b80
logs/default/seed_202_left.log	4769	2939a705cc12bac339c20bec84acd79b7a00bf0ee2b56d8180fe824b9bc64d79
logs/default/seed_202_push_neg_x.log	4862	37b5f75a7df4b9d2ed4505a1c70647d7638cecd153def1ff4e450e7a223b9d54
logs/default/seed_202_push_neg_y.log	4862	f860c746f92f891cc57567765d46d6a93b48951a784f21c1b8be5bb71c6f2e67
logs/default/seed_202_push_pos_x.log	4861	f7abf569abaf28973361401e914378b2b2c50a7e1fda28a2d3d2d15014e136e6
logs/default/seed_202_push_pos_y.log	4861	5c9e22d8606a03cfcb47cfe1a0a6650181db9b3212afe8e1363477cee92d660d
logs/default/seed_202_right.log	4770	ddf5db5a3bb11f6e6ad772dfa738f85e71641ae0956f1112fbe3981a2a96b738
logs/default/seed_202_rough_forward.log	4681	12b5303fe77ee6b58c11f000cc6ee8b795fdb89aba5893c2baa8ae2b692c533c
logs/default/seed_202_rough_lateral.log	4681	e56197d91feb22cc486a67ee44c7fcb7a96a465331d3a26c93a8eef16cae65d6
logs/default/seed_202_slope_minus_20.log	4682	5e2e60391c5bf0df659476817d769070ce50e949c239e852131018c852a4771b
logs/default/seed_202_slope_plus_20.log	4681	1d18bb98e1e2d63889ab9d558518b025ee8580f1444d3bb9ad300f12f14fef13
logs/default/seed_202_stairs_10_down.log	4682	e36426498227deb6eba4cbe795a717bad0a2973920a5cb3c1f10e132793b1420
logs/default/seed_202_stairs_10_up.log	4680	06efee3cbcfd95efc422b97626a82699959278e0382732b697bf4573f32f0f53
logs/default/seed_202_stairs_15_down.log	4682	82124d14e871f9fe419b14e169a1ed1311b3aa9a471f76eb82855acdbfdcc58f
logs/default/seed_202_stairs_15_up.log	4680	8d52312bea46f59f22238663e0dea50edc38a1f150d148585826b1a08b0fb287
logs/default/seed_303_backward.log	4773	9417ebc2f183f8cd973874a5e6a79388d75c5398b1d7657d4318748d50ab7573
logs/default/seed_303_combined_yaw_left.log	4782	7af3683063442009a2c361c298c84cc4668a0ad1289f6fd38b94213b4e9e8484
logs/default/seed_303_combined_yaw_right.log	4783	2c3b1802132bb8e0121923faf221603f13dfb0648236629f6c7adc0cb763ca18
logs/default/seed_303_diagonal_left.log	4778	9b3da6ce0bc6564ac998dc1c5f893b686781d23f6219bcb91e52aa079942818d
logs/default/seed_303_diagonal_right.log	4779	22330044c930a1e7c003451348b4f7070347d3591e0b40700c10a1f775bf87dc
logs/default/seed_303_dr_seed_303.log	4679	84dfd5f0811c2e67cc6c99fe7a1ade4fbd5c837ca3d3956eb9e90136a46eb43d
logs/default/seed_303_forward_fast.log	4777	2adf22b0a9c68b01fb528bb6412d3df6c5da901345ca7fb066e348ac2c4bcbce
logs/default/seed_303_forward_nominal.log	4780	58e969a453eab35ffe5d73c796fe1144bbbbe4cd66419a260f5f79dc83a9aafa
logs/default/seed_303_forward_slow.log	4777	9d7b049a576fb490285b35c1c4a582720edb8ffd05f6d2383f704349095bc8db
logs/default/seed_303_left.log	4769	9708297129a7d43ef0e308aaf831b83e9c7ebf96fbabc8f43cb377e192ed6359
logs/default/seed_303_push_neg_x.log	4862	343a1cf2034a1e51e67ffcf297a49e2439a7011319d607808f4756a18487031a
logs/default/seed_303_push_neg_y.log	4862	7073d2d52ddbdb8c67888a5fe847150aa7940f1c725e248e725c8f038f01ed91
logs/default/seed_303_push_pos_x.log	4861	018d549148b892d3627f3a041991e43abac15c70e0a0bc88d2c5ac8d7d24e641
logs/default/seed_303_push_pos_y.log	4861	8b225f9af338687f2e945ec09fe5c007c4ecfc44c95c28eafbfb6443c6425efb
logs/default/seed_303_right.log	4770	2bed7e62abd9a32db7a9fb773fe059e8cffc0044aaf5ea6837556377af19b9e5
logs/default/seed_303_rough_forward.log	4681	6ba1200482d3f5d2a08420a3077d3ac23484044fa713adeec82e9efdce65af50
logs/default/seed_303_rough_lateral.log	4681	f1bbc1e727848977a84e9f705e5967dcddebfea79c9d127d9b98cb2d0d459d04
logs/default/seed_303_slope_minus_20.log	4682	3add29287fe5231db124788fb236ee0fdf824ffb999cce02d015d129ab80c123
logs/default/seed_303_slope_plus_20.log	4681	28085acee5bed1d872032a13397b7cb53e2e2aae125150a2224c2a4f56169a68
logs/default/seed_303_stairs_10_down.log	4682	737f556dafc00898cbb240524ae9ad6d68d48225cdc5b78bfca0c88b15f30ae3
logs/default/seed_303_stairs_10_up.log	4680	5a281facc65c95d2d3a14644a2a7eac9f302bcb7018318696427478f23996edf
logs/default/seed_303_stairs_15_down.log	4682	94b529084ce99d5a958608a6d0eafc75b1faaeb34774ecab63e06162db4cfd8f
logs/default/seed_303_stairs_15_up.log	4680	42059508a8d7ca68cce8789d8b7d005c44be2d168d366439e8edb2e56dda4abd
meta/go2_self_eval_registry.json	4278	5afdf425f0ea5e4261d81a2538b3276400ec8ec0341406a614dd5b21fa8a28fe
meta/gpu.csv	47	858346c18fa80479a1e5dab5c0734d867bcab2eabac26c5277d7b8d5476e9042
meta/registry.sha256	129	81813785fffb8c571ffc99c888b550eabe3aab17e61b4ae155051c0176401b11
RESULT_STATUS.txt	59	38b8d62d61c4616a7648b2dbd0ea0e0b4cc74dc37c9cc18db7d677b6d0bdffa1
RUNNER_STATUS.txt	48	ad2ef15828e9d9c092b5d5ad3a5a60cca8dd5a4e6b0abbddfaafdcdd46397e62
SHA256SUMS.txt	56875	22c318a0be6f43b66ec9114a4202b363b5f655409c58a61ebb07d8a8b3955811
training/default_source.sha256	585	e36b2fa51c68555eceb5362acf07005785334f7a652557b0a5d8335e3ca0c443
training/DEFAULT_TRAIN_STATUS.txt	53	f301b48c67785fd7fe251f3d6d3d1be693536eb22c96f11c03d108b398d9e16d
training/env.yaml	28516	4d1d294b63dafeceb223fb48226cbe6a533157bc54f97ce486f644bd1bda262c
training/logs/rsl_rl/quadruped/2026-09-01_15-46-28/events.out.tfevents.1788245199.da-perfect52.9768.0	1716766	5766d2fbd2cab22c5c4e6ff95512144f3a97f7e7559c78c8910203584583a1fb
training/logs/rsl_rl/quadruped/2026-09-01_15-46-28/model_800.pt	6882219	99ceeaa1a3a1ebee972841a771072b711744a1c8dec6e94b318b55f146dc4676
training/logs/rsl_rl/quadruped/2026-09-01_15-46-28/params/agent.yaml	1129	03d6cf703f4189a241579c02672ea2e55bb261b4fdae798632575976ec8bb719
training/logs/rsl_rl/quadruped/2026-09-01_15-46-28/params/env.yaml	28516	4d1d294b63dafeceb223fb48226cbe6a533157bc54f97ce486f644bd1bda262c
training/model_best.pt	6882219	99ceeaa1a3a1ebee972841a771072b711744a1c8dec6e94b318b55f146dc4676
training/reward_only.diff	19271	4ee050a77a75f8b7b8c64ebd91704fc5b1153d23cfab67ad4ff6745cd179028c
training/source/go2_eval_telemetry.py	10661	28d1d65187a4cc5237576e7e33485b6d9ab300d58699d8cca2379455480b6a67
training/source/go2_policy_lineage.py	2309	a24173b3ffea0ed257ba51d17f98b31b5b96fc50dbab4aee2868f62e464d42a5
training/source/go2_task/__init__.py	547	79f33a7dee52d88993b34a4c2d38071b603090f673867f2cb21eabb8b74be638
training/source/go2_task/__pycache__/__init__.cpython-311.pyc	801	c82f2ea4b9b01cefee562131063590e42ab1f47686a29c53db21d15d142bd681
training/source/go2_task/__pycache__/_finalize.cpython-311.pyc	67469	3cb54a96236df40f3ea01f9388e9073bcceba6d0749d7d0fd859a96685ff717d
training/source/go2_task/__pycache__/agent_cfg.cpython-311.pyc	1778	c04346e46e96226af7a9427dfcea27b8f76ed2990c549c2c2b48f84e08fe9334
training/source/go2_task/__pycache__/env_cfg.cpython-311.pyc	6556	7a0f27777f7464b844de2c07d2314c50c236163038ece797d74296a8a46932aa
training/source/go2_task/_finalize.py	57518	38b8701db0e134957c921b0fba24c3a6697c9f384361e1f7d16d6d742808128d
training/source/go2_task/agent_cfg.py	2098	dfc27f9919300ceb2a7d9141a4c0536ee589c3fec396b75b670b613ed934fbc3
training/source/go2_task/env_cfg.py	6982	8273ee7033d8e967a09343a97878c5b6b6da9d653c2789371285afcc48c6706d
training/source/play.py	20410	7ea8e255416181fe1b152870c9838d3a863658e24c64a25931d05c769eab52ca
training/source/pyproject.toml	606	5afa174ba6ca70a8b24d1156c558864a1cec4e23d1f82e6f85e18ee451f09ba9
training/source/quadruped_rewards.py	9353	1641dfd235646aaca8bd221fc0b28c2c076f7bd79d3c712660c44919a913775d
training/source/train.py	7702	4f1d04f826420a1fc6303f2e9ea078285f3da33deb2ccbb3b6ab8977e8b562db
