run,arm,case,seed,speed_xy_mean,height_rel_median,projected_progress_m,survival_proxy,tracking_xy_rmse,terminated_env_count,fallen_env_count
go2_a017_full_suite,a017,forward_nominal,101,0.632,0.356,12.471,1.000,0.165,0,0
go2_a017_full_suite,a017,forward_nominal,202,0.640,0.353,12.860,1.000,0.160,0,0
go2_a017_full_suite,a017,forward_nominal,303,0.627,0.358,12.335,1.000,0.167,0,0
go2_a017_full_suite,a017,rough_forward,101,0.246,0.324,5.002,0.906,0.341,0,3
go2_a017_full_suite,a017,rough_forward,202,0.264,0.329,4.744,0.969,0.332,0,1
go2_a017_full_suite,a017,rough_forward,303,0.301,0.335,6.121,1.000,0.274,0,0
go2_a017_full_suite,a017,rough_lateral,101,0.139,0.373,1.461,0.469,0.250,17,2
go2_a017_full_suite,a017,rough_lateral,202,0.130,0.369,1.186,0.562,0.260,14,3
go2_a017_full_suite,a017,rough_lateral,303,0.120,0.372,0.896,0.469,0.264,17,3
go2_a017_full_suite,a017,slope_plus_20,101,0.285,0.310,5.933,0.781,0.281,0,7
go2_a017_full_suite,a017,slope_plus_20,202,0.266,0.295,5.877,0.750,0.310,0,8
go2_a017_full_suite,a017,slope_plus_20,303,0.284,0.314,5.792,0.875,0.278,0,4
go2_a017_full_suite,a017,slope_minus_20,101,0.382,0.372,7.574,1.000,0.158,0,0
go2_a017_full_suite,a017,slope_minus_20,202,0.386,0.371,7.613,1.000,0.153,0,0
go2_a017_full_suite,a017,slope_minus_20,303,0.377,0.375,7.447,1.000,0.165,0,0
go2_a017_full_suite,a017,stairs_10_up,101,0.347,0.365,7.072,0.781,0.211,0,7
go2_a017_full_suite,a017,stairs_10_up,202,0.341,0.361,6.738,0.750,0.222,0,8
go2_a017_full_suite,a017,stairs_10_up,303,0.342,0.369,6.990,0.750,0.215,0,8
go2_a017_full_suite,a017,stairs_10_down,101,0.118,0.176,1.826,0.031,0.440,0,31
go2_a017_full_suite,a017,stairs_10_down,202,0.107,0.155,1.614,0.000,0.445,0,32
go2_a017_full_suite,a017,stairs_10_down,303,0.116,0.186,1.608,0.219,0.446,0,25
go2_a017_full_suite,a017,stairs_15_up,101,0.349,0.356,7.217,0.719,0.228,0,9
go2_a017_full_suite,a017,stairs_15_up,202,0.336,0.353,6.247,0.562,0.246,1,13
go2_a017_full_suite,a017,stairs_15_up,303,0.341,0.363,6.907,0.719,0.231,1,9
go2_a017_full_suite,a017,stairs_15_down,101,0.084,0.131,1.323,0.000,0.458,0,32
go2_a017_full_suite,a017,stairs_15_down,202,0.088,0.129,1.294,0.000,0.455,2,32
go2_a017_full_suite,a017,stairs_15_down,303,0.081,0.134,1.206,0.000,0.459,1,32
go2_a017_full_suite,pilot,forward_nominal,101,0.742,0.336,14.839,1.000,0.129,0,0
go2_a017_full_suite,pilot,forward_nominal,202,0.745,0.334,14.848,1.000,0.129,0,0
go2_a017_full_suite,pilot,forward_nominal,303,0.743,0.337,14.837,1.000,0.129,0,0
go2_a017_full_suite,pilot,rough_forward,101,0.241,0.314,4.031,0.812,0.359,1,6
go2_a017_full_suite,pilot,rough_forward,202,0.245,0.310,4.275,0.875,0.363,0,4
go2_a017_full_suite,pilot,rough_forward,303,0.298,0.316,6.030,0.875,0.304,2,3
go2_a017_full_suite,pilot,rough_lateral,101,0.115,0.292,1.464,0.188,0.251,6,23
go2_a017_full_suite,pilot,rough_lateral,202,0.143,0.297,1.617,0.344,0.238,11,16
go2_a017_full_suite,pilot,rough_lateral,303,0.133,0.304,0.955,0.094,0.247,14,23
go2_a017_full_suite,pilot,slope_plus_20,101,0.214,0.314,2.206,1.000,0.385,0,0
go2_a017_full_suite,pilot,slope_plus_20,202,0.222,0.313,2.354,1.000,0.378,0,0
go2_a017_full_suite,pilot,slope_plus_20,303,0.195,0.318,1.861,1.000,0.399,0,0
go2_a017_full_suite,pilot,slope_minus_20,101,0.415,0.340,8.462,0.969,0.163,1,0
go2_a017_full_suite,pilot,slope_minus_20,202,0.426,0.338,8.686,1.000,0.152,0,0
go2_a017_full_suite,pilot,slope_minus_20,303,0.427,0.342,8.544,1.000,0.141,0,0
go2_a017_full_suite,pilot,stairs_10_up,101,0.383,0.335,7.971,0.750,0.205,0,8
go2_a017_full_suite,pilot,stairs_10_up,202,0.382,0.333,7.662,0.750,0.209,0,8
go2_a017_full_suite,pilot,stairs_10_up,303,0.389,0.338,7.857,0.875,0.194,0,4
go2_a017_full_suite,pilot,stairs_10_down,101,0.138,0.237,1.765,0.125,0.448,2,28
go2_a017_full_suite,pilot,stairs_10_down,202,0.131,0.247,1.783,0.125,0.451,2,28
go2_a017_full_suite,pilot,stairs_10_down,303,0.130,0.229,1.781,0.094,0.450,1,29
go2_a017_full_suite,pilot,stairs_15_up,101,0.320,0.332,5.696,0.719,0.256,2,7
go2_a017_full_suite,pilot,stairs_15_up,202,0.324,0.331,5.779,0.781,0.257,2,6
go2_a017_full_suite,pilot,stairs_15_up,303,0.321,0.336,5.723,0.812,0.259,4,4
go2_a017_full_suite,pilot,stairs_15_down,101,0.103,0.121,1.402,0.031,0.458,1,31
go2_a017_full_suite,pilot,stairs_15_down,202,0.103,0.110,1.347,0.000,0.456,4,32
go2_a017_full_suite,pilot,stairs_15_down,303,0.106,0.122,1.339,0.000,0.456,3,32
go2_chain01_baseline,chain01,forward_nominal,101,0.026,0.119,0.309,0.000,0.739,0,32
go2_chain01_baseline,chain01,forward_nominal,202,0.026,0.118,0.301,0.000,0.740,0,32
go2_chain01_baseline,chain01,forward_nominal,303,0.026,0.119,0.314,0.000,0.739,0,32
go2_chain01_baseline,chain01,rough_forward,101,0.031,0.129,0.255,0.062,0.491,5,30
go2_chain01_baseline,chain01,rough_forward,202,0.033,0.125,0.304,0.031,0.489,5,31
go2_chain01_baseline,chain01,rough_forward,303,0.032,0.130,0.306,0.000,0.490,2,32
go2_chain01_baseline,chain01,rough_lateral,101,0.074,0.350,0.572,0.719,0.286,5,6
go2_chain01_baseline,chain01,rough_lateral,202,0.087,0.341,0.489,0.531,0.280,11,9
go2_chain01_baseline,chain01,rough_lateral,303,0.077,0.348,0.447,0.750,0.283,5,6
go2_chain01_baseline,chain01,slope_plus_20,101,0.026,0.115,0.323,0.000,0.491,0,32
go2_chain01_baseline,chain01,slope_plus_20,202,0.026,0.115,0.318,0.000,0.491,0,32
go2_chain01_baseline,chain01,slope_plus_20,303,0.026,0.116,0.322,0.000,0.491,0,32
go2_chain01_baseline,chain01,slope_minus_20,101,0.026,0.116,0.325,0.000,0.491,0,32
go2_chain01_baseline,chain01,slope_minus_20,202,0.026,0.116,0.318,0.000,0.491,0,32
go2_chain01_baseline,chain01,slope_minus_20,303,0.026,0.116,0.322,0.000,0.491,0,32
go2_chain01_baseline,chain01,stairs_10_up,101,0.026,0.119,0.322,0.000,0.491,0,32
go2_chain01_baseline,chain01,stairs_10_up,202,0.025,0.119,0.319,0.000,0.491,0,32
go2_chain01_baseline,chain01,stairs_10_up,303,0.025,0.120,0.317,0.000,0.491,0,32
go2_chain01_baseline,chain01,stairs_10_down,101,0.026,0.113,0.316,0.000,0.491,0,32
go2_chain01_baseline,chain01,stairs_10_down,202,0.026,0.113,0.314,0.000,0.491,0,32
go2_chain01_baseline,chain01,stairs_10_down,303,0.026,0.113,0.319,0.000,0.491,0,32
go2_chain01_baseline,chain01,stairs_15_up,101,0.025,0.122,0.319,0.000,0.491,0,32
go2_chain01_baseline,chain01,stairs_15_up,202,0.025,0.119,0.321,0.000,0.491,0,32
go2_chain01_baseline,chain01,stairs_15_up,303,0.025,0.122,0.323,0.000,0.491,0,32
go2_chain01_baseline,chain01,stairs_15_down,101,0.026,0.113,0.315,0.000,0.491,0,32
go2_chain01_baseline,chain01,stairs_15_down,202,0.026,0.112,0.314,0.000,0.491,0,32
go2_chain01_baseline,chain01,stairs_15_down,303,0.026,0.112,0.316,0.000,0.491,0,32
go2_default_vs_pilot_v1,default,forward_nominal,101,0.027,,15.989,1.000,0.737,0,
go2_default_vs_pilot_v1,default,forward_nominal,202,0.026,,16.094,1.000,0.737,0,
go2_default_vs_pilot_v1,default,forward_nominal,303,0.027,,16.201,1.000,0.737,0,
go2_default_vs_pilot_v1,default,rough_forward,101,0.032,,1.385,0.750,0.498,8,
go2_default_vs_pilot_v1,default,rough_forward,202,0.036,,1.591,0.750,0.500,8,
go2_default_vs_pilot_v1,default,rough_forward,303,0.037,,1.472,0.719,0.499,9,
go2_default_vs_pilot_v1,default,rough_lateral,101,0.035,,24.973,0.750,0.308,8,
go2_default_vs_pilot_v1,default,rough_lateral,202,0.036,,25.193,0.781,0.311,7,
go2_default_vs_pilot_v1,default,rough_lateral,303,0.034,,25.429,0.812,0.306,6,
go2_default_vs_pilot_v1,default,slope_plus_20,101,0.029,,1.342,1.000,0.490,0,
go2_default_vs_pilot_v1,default,slope_plus_20,202,0.028,,1.538,1.000,0.489,0,
go2_default_vs_pilot_v1,default,slope_plus_20,303,0.028,,1.547,1.000,0.489,0,
go2_default_vs_pilot_v1,default,slope_minus_20,101,0.028,,1.327,1.000,0.489,0,
go2_default_vs_pilot_v1,default,slope_minus_20,202,0.028,,1.539,1.000,0.489,0,
go2_default_vs_pilot_v1,default,slope_minus_20,303,0.028,,1.558,1.000,0.489,0,
go2_default_vs_pilot_v1,default,stairs_10_up,101,0.028,,1.331,1.000,0.490,0,
go2_default_vs_pilot_v1,default,stairs_10_up,202,0.027,,1.539,1.000,0.489,0,
go2_default_vs_pilot_v1,default,stairs_10_up,303,0.028,,1.560,1.000,0.489,0,
go2_default_vs_pilot_v1,default,stairs_10_down,101,0.029,,1.318,1.000,0.489,0,
go2_default_vs_pilot_v1,default,stairs_10_down,202,0.028,,1.478,1.000,0.489,0,
go2_default_vs_pilot_v1,default,stairs_10_down,303,0.029,,1.491,1.000,0.489,0,
go2_default_vs_pilot_v1,default,stairs_15_up,101,0.028,,1.339,1.000,0.490,0,
go2_default_vs_pilot_v1,default,stairs_15_up,202,0.028,,1.555,1.000,0.489,0,
go2_default_vs_pilot_v1,default,stairs_15_up,303,0.028,,1.542,1.000,0.489,0,
go2_default_vs_pilot_v1,default,stairs_15_down,101,0.029,,1.322,1.000,0.490,0,
go2_default_vs_pilot_v1,default,stairs_15_down,202,0.028,,1.437,1.000,0.489,0,
go2_default_vs_pilot_v1,default,stairs_15_down,303,0.029,,1.460,1.000,0.489,0,
go2_default_vs_pilot_v1,pilot,forward_nominal,101,0.742,,43.882,1.000,0.129,0,
go2_default_vs_pilot_v1,pilot,forward_nominal,202,0.745,,37.808,1.000,0.129,0,
go2_default_vs_pilot_v1,pilot,forward_nominal,303,0.743,,40.680,1.000,0.129,0,
go2_default_vs_pilot_v1,pilot,rough_forward,101,0.241,,14.020,0.969,0.359,1,
go2_default_vs_pilot_v1,pilot,rough_forward,202,0.245,,13.504,1.000,0.363,0,
go2_default_vs_pilot_v1,pilot,rough_forward,303,0.298,,15.357,0.938,0.304,2,
go2_default_vs_pilot_v1,pilot,rough_lateral,101,0.115,,27.166,0.812,0.251,6,
go2_default_vs_pilot_v1,pilot,rough_lateral,202,0.143,,28.570,0.656,0.238,11,
go2_default_vs_pilot_v1,pilot,rough_lateral,303,0.133,,30.558,0.562,0.247,14,
go2_default_vs_pilot_v1,pilot,slope_plus_20,101,0.214,,15.777,1.000,0.385,0,
go2_default_vs_pilot_v1,pilot,slope_plus_20,202,0.222,,15.203,1.000,0.378,0,
go2_default_vs_pilot_v1,pilot,slope_plus_20,303,0.195,,15.565,1.000,0.399,0,
go2_default_vs_pilot_v1,pilot,slope_minus_20,101,0.415,,16.548,0.969,0.163,1,
go2_default_vs_pilot_v1,pilot,slope_minus_20,202,0.426,,17.263,1.000,0.152,0,
go2_default_vs_pilot_v1,pilot,slope_minus_20,303,0.427,,17.434,1.000,0.141,0,
go2_default_vs_pilot_v1,pilot,stairs_10_up,101,0.383,,15.780,1.000,0.205,0,
go2_default_vs_pilot_v1,pilot,stairs_10_up,202,0.382,,17.063,1.000,0.209,0,
go2_default_vs_pilot_v1,pilot,stairs_10_up,303,0.389,,16.274,1.000,0.194,0,
go2_default_vs_pilot_v1,pilot,stairs_10_down,101,0.138,,4.332,0.938,0.448,2,
go2_default_vs_pilot_v1,pilot,stairs_10_down,202,0.131,,4.092,0.938,0.451,2,
go2_default_vs_pilot_v1,pilot,stairs_10_down,303,0.130,,4.371,0.969,0.450,1,
go2_default_vs_pilot_v1,pilot,stairs_15_up,101,0.320,,13.403,0.938,0.256,2,
go2_default_vs_pilot_v1,pilot,stairs_15_up,202,0.324,,15.021,0.938,0.257,2,
go2_default_vs_pilot_v1,pilot,stairs_15_up,303,0.321,,14.227,0.875,0.259,4,
go2_default_vs_pilot_v1,pilot,stairs_15_down,101,0.103,,2.683,0.969,0.458,1,
go2_default_vs_pilot_v1,pilot,stairs_15_down,202,0.103,,2.595,0.875,0.456,4,
go2_default_vs_pilot_v1,pilot,stairs_15_down,303,0.106,,2.782,0.906,0.456,3,
go2_feet_air_time_020_v1,candidate,forward_nominal,101,0.030,,15.732,1.000,0.742,0,
go2_feet_air_time_020_v1,candidate,forward_nominal,202,0.029,,15.949,1.000,0.742,0,
go2_feet_air_time_020_v1,candidate,forward_nominal,303,0.029,,16.112,1.000,0.743,0,
go2_feet_air_time_020_v1,candidate,rough_forward,101,0.030,,1.198,1.000,0.493,0,
go2_feet_air_time_020_v1,candidate,rough_forward,202,0.033,,1.536,0.969,0.493,1,
go2_feet_air_time_020_v1,candidate,rough_forward,303,0.033,,1.493,0.938,0.493,2,
go2_feet_air_time_020_v1,candidate,rough_lateral,101,0.041,,25.086,1.000,0.300,0,
go2_feet_air_time_020_v1,candidate,rough_lateral,202,0.040,,25.025,0.969,0.300,1,
go2_feet_air_time_020_v1,candidate,rough_lateral,303,0.045,,24.940,0.906,0.302,3,
go2_feet_air_time_020_v1,candidate,slope_plus_20,101,0.028,,1.014,1.000,0.497,0,
go2_feet_air_time_020_v1,candidate,slope_plus_20,202,0.029,,1.259,1.000,0.496,0,
go2_feet_air_time_020_v1,candidate,slope_plus_20,303,0.028,,1.038,1.000,0.497,0,
go2_feet_air_time_020_v1,candidate,slope_minus_20,101,0.028,,1.014,1.000,0.497,0,
go2_feet_air_time_020_v1,candidate,slope_minus_20,202,0.029,,1.245,1.000,0.496,0,
go2_feet_air_time_020_v1,candidate,slope_minus_20,303,0.028,,1.037,1.000,0.497,0,
go2_feet_air_time_020_v1,candidate,stairs_10_up,101,0.028,,1.006,1.000,0.498,0,
go2_feet_air_time_020_v1,candidate,stairs_10_up,202,0.029,,1.004,1.000,0.496,0,
go2_feet_air_time_020_v1,candidate,stairs_10_up,303,0.028,,1.000,1.000,0.498,0,
go2_feet_air_time_020_v1,candidate,stairs_10_down,101,0.029,,1.168,1.000,0.496,0,
go2_feet_air_time_020_v1,candidate,stairs_10_down,202,0.030,,1.477,1.000,0.494,0,
go2_feet_air_time_020_v1,candidate,stairs_10_down,303,0.029,,1.500,1.000,0.496,0,
go2_feet_air_time_020_v1,candidate,stairs_15_up,101,0.028,,1.004,1.000,0.498,0,
go2_feet_air_time_020_v1,candidate,stairs_15_up,202,0.029,,0.997,1.000,0.496,0,
go2_feet_air_time_020_v1,candidate,stairs_15_up,303,0.028,,0.990,1.000,0.498,0,
go2_feet_air_time_020_v1,candidate,stairs_15_down,101,0.029,,1.385,1.000,0.496,0,
go2_feet_air_time_020_v1,candidate,stairs_15_down,202,0.030,,1.515,1.000,0.494,0,
go2_feet_air_time_020_v1,candidate,stairs_15_down,303,0.028,,1.477,1.000,0.496,0,
go2_g_a010_lin_vel_z_m2,baseline_tier1,rough_forward,101,0.032,,1.385,0.750,0.498,8,
go2_g_a010_lin_vel_z_m2,baseline_tier1,slope_plus_20,101,0.029,,1.342,1.000,0.490,0,
go2_g_a010_lin_vel_z_m2,baseline_tier1,stairs_15_up,101,0.028,,0.336,1.000,0.490,0,
go2_g_a010_lin_vel_z_m2,candidate,rough_forward,101,0.031,,0.036,0.844,0.499,5,
go2_g_a010_lin_vel_z_m2,candidate,slope_plus_20,101,0.027,,0.008,1.000,0.501,0,
go2_g_a010_lin_vel_z_m2,candidate,stairs_15_up,101,0.027,,0.000,1.000,0.501,0,
go2_g_a010_lin_vel_z_m2_v2_260906,baseline_tier1,rough_forward,101,0.032,,1.385,0.750,0.498,8,
go2_g_a010_lin_vel_z_m2_v2_260906,baseline_tier1,slope_plus_20,101,0.029,,1.342,1.000,0.490,0,
go2_g_a010_lin_vel_z_m2_v2_260906,baseline_tier1,stairs_15_up,101,0.028,,0.336,1.000,0.490,0,
go2_g_a010_lin_vel_z_m2_v2_260906,candidate,rough_forward,101,0.031,0.340,0.036,0.500,0.499,5,15
go2_g_a010_lin_vel_z_m2_v2_260906,candidate,slope_plus_20,101,0.027,0.333,0.008,0.344,0.501,0,21
go2_g_a010_lin_vel_z_m2_v2_260906,candidate,stairs_15_up,101,0.027,0.339,0.000,0.312,0.501,0,22
go2_g_a013_flat_orientation_m1,baseline_tier1,rough_forward,101,0.032,,1.385,0.750,0.498,8,
go2_g_a013_flat_orientation_m1,baseline_tier1,slope_plus_20,101,0.029,,1.342,1.000,0.490,0,
go2_g_a013_flat_orientation_m1,baseline_tier1,stairs_15_up,101,0.028,,0.336,1.000,0.490,0,
go2_g_a013_flat_orientation_m1,candidate,rough_forward,101,0.030,0.373,0.107,0.906,0.496,0,3
go2_g_a013_flat_orientation_m1,candidate,slope_plus_20,101,0.032,0.376,0.094,0.688,0.496,0,10
go2_g_a013_flat_orientation_m1,candidate,stairs_15_up,101,0.032,0.378,0.097,0.688,0.496,0,10
go2_g_a015_pilot_feet_air_time_035,baseline_tier1,rough_forward,101,0.241,0.314,4.031,0.812,0.359,1,6
go2_g_a015_pilot_feet_air_time_035,baseline_tier1,slope_plus_20,101,0.214,0.314,2.206,1.000,0.385,0,0
go2_g_a015_pilot_feet_air_time_035,baseline_tier1,stairs_15_up,101,0.320,0.332,5.696,0.719,0.256,2,7
go2_g_a015_pilot_feet_air_time_035,candidate,rough_forward,101,0.110,0.155,1.182,0.000,0.459,3,32
go2_g_a015_pilot_feet_air_time_035,candidate,slope_plus_20,101,0.140,0.131,1.649,0.000,0.442,0,32
go2_g_a015_pilot_feet_air_time_035,candidate,stairs_15_up,101,0.364,0.270,1.888,0.000,0.294,31,10
go2_g_a016_pilot_ang_vel_xy_m015,baseline_tier1,rough_forward,101,0.241,0.314,4.031,0.812,0.359,1,6
go2_g_a016_pilot_ang_vel_xy_m015,baseline_tier1,slope_plus_20,101,0.214,0.314,2.206,1.000,0.385,0,0
go2_g_a016_pilot_ang_vel_xy_m015,baseline_tier1,stairs_15_up,101,0.320,0.332,5.696,0.719,0.256,2,7
go2_g_a016_pilot_ang_vel_xy_m015,candidate,rough_forward,101,0.031,0.131,0.184,0.000,0.495,6,32
go2_g_a016_pilot_ang_vel_xy_m015,candidate,slope_plus_20,101,0.029,0.132,0.285,0.000,0.491,0,32
go2_g_a016_pilot_ang_vel_xy_m015,candidate,stairs_15_up,101,0.029,0.136,0.280,0.000,0.491,0,32
go2_g_a017_pilot_track_lin_vel_xy_140,baseline_tier1,rough_forward,101,0.241,0.314,4.031,0.812,0.359,1,6
go2_g_a017_pilot_track_lin_vel_xy_140,baseline_tier1,slope_plus_20,101,0.214,0.314,2.206,1.000,0.385,0,0
go2_g_a017_pilot_track_lin_vel_xy_140,baseline_tier1,stairs_15_up,101,0.320,0.332,5.696,0.719,0.256,2,7
go2_g_a017_pilot_track_lin_vel_xy_140,candidate,rough_forward,101,0.246,0.324,5.002,0.906,0.341,0,3
go2_g_a017_pilot_track_lin_vel_xy_140,candidate,slope_plus_20,101,0.285,0.310,5.933,0.781,0.281,0,7
go2_g_a017_pilot_track_lin_vel_xy_140,candidate,stairs_15_up,101,0.349,0.356,7.217,0.719,0.228,0,9
go2_g_a018_pilot_action_rate_m008,baseline_tier1,rough_forward,101,0.241,0.314,4.031,0.812,0.359,1,6
go2_g_a018_pilot_action_rate_m008,baseline_tier1,slope_plus_20,101,0.214,0.314,2.206,1.000,0.385,0,0
go2_g_a018_pilot_action_rate_m008,baseline_tier1,stairs_15_up,101,0.320,0.332,5.696,0.719,0.256,2,7
go2_g_a018_pilot_action_rate_m008,candidate,rough_forward,101,0.052,0.116,0.371,0.031,0.484,12,31
go2_g_a018_pilot_action_rate_m008,candidate,slope_plus_20,101,0.042,0.105,0.521,0.000,0.484,0,32
go2_g_a018_pilot_action_rate_m008,candidate,stairs_15_up,101,0.046,0.116,0.503,0.000,0.481,4,32
go2_g_a020_chain01_lin_vel_z_m2,baseline_tier1,rough_forward,101,0.031,,0.255,0.844,0.491,5,
go2_g_a020_chain01_lin_vel_z_m2,baseline_tier1,slope_plus_20,101,0.026,,0.323,1.000,0.491,0,
go2_g_a020_chain01_lin_vel_z_m2,baseline_tier1,stairs_15_up,101,0.025,,0.319,1.000,0.491,0,
go2_g_a020_chain01_lin_vel_z_m2,candidate,rough_forward,101,0.036,0.126,0.302,0.000,0.490,7,32
go2_g_a020_chain01_lin_vel_z_m2,candidate,slope_plus_20,101,0.032,0.132,0.323,0.000,0.491,0,32
go2_g_a020_chain01_lin_vel_z_m2,candidate,stairs_15_up,101,0.032,0.136,0.319,0.000,0.492,0,32
go2_g_a021_chain01_ang_vel_xy_m005,baseline_tier1,rough_forward,101,0.031,,0.255,0.844,0.491,5,
go2_g_a021_chain01_ang_vel_xy_m005,baseline_tier1,slope_plus_20,101,0.026,,0.323,1.000,0.491,0,
go2_g_a021_chain01_ang_vel_xy_m005,baseline_tier1,stairs_15_up,101,0.025,,0.319,1.000,0.491,0,
go2_g_a021_chain01_ang_vel_xy_m005,candidate,rough_forward,101,0.037,0.369,0.196,0.469,0.490,8,17
go2_g_a021_chain01_ang_vel_xy_m005,candidate,slope_plus_20,101,0.033,0.376,0.336,0.406,0.490,0,19
go2_g_a021_chain01_ang_vel_xy_m005,candidate,stairs_15_up,101,0.032,0.377,0.335,0.406,0.490,0,19
go2_g_a022_chain01_feet_air_time_020,baseline_tier1,rough_forward,101,0.031,,0.255,0.844,0.491,5,
go2_g_a022_chain01_feet_air_time_020,baseline_tier1,slope_plus_20,101,0.026,,0.323,1.000,0.491,0,
go2_g_a022_chain01_feet_air_time_020,baseline_tier1,stairs_15_up,101,0.025,,0.319,1.000,0.491,0,
go2_g_a022_chain01_feet_air_time_020,candidate,rough_forward,101,0.034,0.141,0.288,0.000,0.491,3,32
go2_g_a022_chain01_feet_air_time_020,candidate,slope_plus_20,101,0.030,0.150,0.293,0.000,0.491,0,32
go2_g_a022_chain01_feet_air_time_020,candidate,stairs_15_up,101,0.030,0.156,0.293,0.000,0.491,0,32
go2_g_a024_ang_vel_xy_m015,baseline_tier1,rough_forward,101,0.032,,1.385,0.750,0.498,8,
go2_g_a024_ang_vel_xy_m015,baseline_tier1,slope_plus_20,101,0.029,,1.342,1.000,0.490,0,
go2_g_a024_ang_vel_xy_m015,baseline_tier1,stairs_15_up,101,0.028,,0.336,1.000,0.490,0,
go2_g_a024_ang_vel_xy_m015,candidate,rough_forward,101,0.031,0.131,0.194,0.000,0.497,3,32
go2_g_a024_ang_vel_xy_m015,candidate,slope_plus_20,101,0.029,0.136,0.307,0.000,0.492,0,32
go2_g_a024_ang_vel_xy_m015,candidate,stairs_15_up,101,0.030,0.142,0.325,0.000,0.491,0,32
go2_g_a025_flat_orientation_m1,baseline_tier1,rough_forward,101,0.032,,1.385,0.750,0.498,8,
go2_g_a025_flat_orientation_m1,baseline_tier1,slope_plus_20,101,0.029,,1.342,1.000,0.490,0,
go2_g_a025_flat_orientation_m1,baseline_tier1,stairs_15_up,101,0.028,,0.336,1.000,0.490,0,
go2_g_a025_flat_orientation_m1,candidate,rough_forward,101,0.030,0.373,0.107,0.906,0.496,0,3
go2_g_a025_flat_orientation_m1,candidate,slope_plus_20,101,0.032,0.376,0.094,0.688,0.496,0,10
go2_g_a025_flat_orientation_m1,candidate,stairs_15_up,101,0.032,0.378,0.097,0.688,0.496,0,10
go2_g_a031_a017_feet_air_time_001,a017_sentinel,forward_nominal,101,0.632,0.356,12.471,1.000,0.165,0,0
go2_g_a031_a017_feet_air_time_001,a017_sentinel,rough_forward,101,0.246,0.324,5.002,0.906,0.341,0,3
go2_g_a031_a017_feet_air_time_001,a017_sentinel,rough_lateral,101,0.139,0.373,1.461,0.469,0.250,17,2
go2_g_a031_a017_feet_air_time_001,a017_sentinel,slope_plus_20,202,0.266,0.295,5.877,0.750,0.310,0,8
go2_g_a031_a017_feet_air_time_001,candidate,forward_nominal,101,0.721,0.387,14.447,1.000,0.102,0,0
go2_g_a031_a017_feet_air_time_001,candidate,rough_forward,101,0.313,0.364,6.775,0.938,0.288,1,1
go2_g_a031_a017_feet_air_time_001,candidate,rough_forward,202,0.290,0.360,5.304,0.875,0.320,1,3
go2_g_a031_a017_feet_air_time_001,candidate,rough_forward,303,0.294,0.359,5.876,0.938,0.302,0,2
go2_g_a031_a017_feet_air_time_001,candidate,slope_plus_20,101,0.221,0.354,2.130,1.000,0.376,0,0
go2_g_a031_a017_feet_air_time_001,candidate,slope_plus_20,202,0.219,0.351,2.047,0.969,0.376,0,1
go2_g_a031_a017_feet_air_time_001,candidate,slope_plus_20,303,0.173,0.356,1.802,1.000,0.411,0,0
go2_g_a032_a017_feet_air_time_010,a017_sentinel,forward_nominal,101,0.632,0.356,12.471,1.000,0.165,0,0
go2_g_a032_a017_feet_air_time_010,a017_sentinel,rough_forward,101,0.246,0.324,5.002,0.906,0.341,0,3
go2_g_a032_a017_feet_air_time_010,a017_sentinel,rough_lateral,101,0.139,0.373,1.461,0.469,0.250,17,2
go2_g_a032_a017_feet_air_time_010,a017_sentinel,slope_plus_20,202,0.266,0.295,5.877,0.750,0.310,0,8
go2_g_a032_a017_feet_air_time_010,candidate,forward_nominal,101,0.794,0.303,15.773,1.000,0.148,0,0
go2_g_a032_a017_feet_air_time_010,candidate,rough_forward,101,0.245,0.268,4.063,0.312,0.382,2,22
go2_g_a032_a017_feet_air_time_010,candidate,rough_forward,202,0.210,0.271,2.447,0.500,0.411,2,15
go2_g_a032_a017_feet_air_time_010,candidate,rough_forward,303,0.271,0.270,3.560,0.500,0.366,3,14
go2_g_a032_a017_feet_air_time_010,candidate,slope_plus_20,101,0.298,0.268,5.021,0.188,0.359,0,26
go2_g_a032_a017_feet_air_time_010,candidate,slope_plus_20,202,0.309,0.269,5.394,0.281,0.349,0,23
go2_g_a032_a017_feet_air_time_010,candidate,slope_plus_20,303,0.311,0.275,6.462,0.312,0.342,0,22
go2_g_a033_a017_track_lin_vel_xy_150,a017_sentinel,forward_nominal,101,0.632,0.356,12.471,1.000,0.165,0,0
go2_g_a033_a017_track_lin_vel_xy_150,a017_sentinel,rough_forward,101,0.246,0.324,5.002,0.906,0.341,0,3
go2_g_a033_a017_track_lin_vel_xy_150,a017_sentinel,rough_lateral,101,0.139,0.373,1.461,0.469,0.250,17,2
go2_g_a033_a017_track_lin_vel_xy_150,a017_sentinel,slope_plus_20,202,0.266,0.295,5.877,0.750,0.310,0,8
go2_g_a033_a017_track_lin_vel_xy_150,candidate,forward_nominal,101,0.736,0.359,14.615,1.000,0.114,0,0
go2_g_a033_a017_track_lin_vel_xy_150,candidate,forward_nominal,202,0.741,0.355,14.952,1.000,0.113,0,0
go2_g_a033_a017_track_lin_vel_xy_150,candidate,forward_nominal,303,0.732,0.361,14.590,1.000,0.113,0,0
go2_g_a033_a017_track_lin_vel_xy_150,candidate,rough_forward,101,0.359,0.347,7.626,0.969,0.258,0,1
go2_g_a033_a017_track_lin_vel_xy_150,candidate,rough_forward,202,0.382,0.348,8.028,1.000,0.224,0,0
go2_g_a033_a017_track_lin_vel_xy_150,candidate,rough_forward,303,0.357,0.351,6.855,0.906,0.255,3,3
go2_g_a033_a017_track_lin_vel_xy_150,candidate,rough_lateral,101,0.200,0.366,1.785,0.375,0.229,19,14
go2_g_a033_a017_track_lin_vel_xy_150,candidate,rough_lateral,202,0.195,0.364,2.162,0.375,0.233,20,15
go2_g_a033_a017_track_lin_vel_xy_150,candidate,rough_lateral,303,0.190,0.369,2.032,0.406,0.228,19,16
go2_g_a033_a017_track_lin_vel_xy_150,candidate,slope_plus_20,101,0.443,0.360,8.814,1.000,0.135,0,0
go2_g_a033_a017_track_lin_vel_xy_150,candidate,slope_plus_20,202,0.415,0.350,8.899,1.000,0.195,0,0
go2_g_a033_a017_track_lin_vel_xy_150,candidate,slope_plus_20,303,0.442,0.364,8.808,1.000,0.131,0,0
go2_g_a033_a017_track_lin_vel_xy_150,candidate,slope_minus_20,101,0.393,0.373,8.002,1.000,0.152,0,0
go2_g_a033_a017_track_lin_vel_xy_150,candidate,slope_minus_20,202,0.400,0.370,8.111,1.000,0.151,0,0
go2_g_a033_a017_track_lin_vel_xy_150,candidate,slope_minus_20,303,0.384,0.375,7.613,1.000,0.163,0,0
go2_g_a033_a017_track_lin_vel_xy_150,candidate,stairs_10_up,101,0.369,0.364,7.275,1.000,0.205,0,0
go2_g_a033_a017_track_lin_vel_xy_150,candidate,stairs_10_up,202,0.367,0.360,6.554,0.969,0.218,0,1
go2_g_a033_a017_track_lin_vel_xy_150,candidate,stairs_10_up,303,0.367,0.367,7.268,1.000,0.201,0,0
go2_g_a033_a017_track_lin_vel_xy_150,candidate,stairs_10_down,101,0.199,0.259,2.126,0.875,0.449,1,4
go2_g_a033_a017_track_lin_vel_xy_150,candidate,stairs_10_down,202,0.180,0.263,2.217,0.531,0.440,2,14
go2_g_a033_a017_track_lin_vel_xy_150,candidate,stairs_10_down,303,0.192,0.257,2.215,0.531,0.442,3,14
go2_g_a033_a017_track_lin_vel_xy_150,candidate,stairs_15_up,101,0.370,0.357,7.074,0.844,0.208,3,2
go2_g_a033_a017_track_lin_vel_xy_150,candidate,stairs_15_up,202,0.363,0.351,6.767,0.781,0.225,2,6
go2_g_a033_a017_track_lin_vel_xy_150,candidate,stairs_15_up,303,0.361,0.359,7.248,0.844,0.214,2,3
go2_g_a033_a017_track_lin_vel_xy_150,candidate,stairs_15_down,101,0.100,0.148,1.485,0.125,0.458,1,28
go2_g_a033_a017_track_lin_vel_xy_150,candidate,stairs_15_down,202,0.098,0.160,1.363,0.031,0.459,0,31
go2_g_a033_a017_track_lin_vel_xy_150,candidate,stairs_15_down,303,0.103,0.176,1.426,0.031,0.460,0,31
go2_g_a038_a033_ang_vel_xy_m008,candidate,forward_nominal,101,0.618,0.320,12.273,1.000,0.182,0,0
go2_g_a038_a033_ang_vel_xy_m008,candidate,rough_lateral,101,0.162,0.335,2.811,0.875,0.211,2,3
go2_g_a038_a033_ang_vel_xy_m008,candidate,rough_lateral,202,0.159,0.328,2.497,0.750,0.221,8,2
go2_g_a038_a033_ang_vel_xy_m008,candidate,rough_lateral,303,0.149,0.333,2.199,0.812,0.232,6,4
go2_g_a038_a033_ang_vel_xy_m008,candidate,stairs_10_down,101,0.102,0.165,1.495,0.000,0.447,1,32
go2_g_a038_a033_ang_vel_xy_m008,candidate,stairs_10_down,202,0.094,0.175,1.493,0.000,0.452,0,32
go2_g_a038_a033_ang_vel_xy_m008,candidate,stairs_10_down,303,0.096,0.164,1.432,0.000,0.451,0,32
go2_g_a038_a033_ang_vel_xy_m008,g_a033_sentinel,forward_nominal,101,0.736,0.359,14.615,1.000,0.114,0,0
go2_g_a038_a033_ang_vel_xy_m008,g_a033_sentinel,rough_forward,101,0.359,0.347,7.626,0.969,0.258,0,1
go2_g_a038_a033_ang_vel_xy_m008,g_a033_sentinel,rough_lateral,101,0.200,0.366,1.785,0.375,0.229,19,14
go2_g_a038_a033_ang_vel_xy_m008,g_a033_sentinel,slope_plus_20,202,0.415,0.350,8.899,1.000,0.195,0,0
go2_g_a041_a033_ang_vel_xy_m004,candidate,forward_nominal,101,0.761,0.377,15.200,1.000,0.101,0,0
go2_g_a041_a033_ang_vel_xy_m004,candidate,rough_forward,101,0.380,0.358,8.593,0.938,0.257,1,2
go2_g_a041_a033_ang_vel_xy_m004,candidate,rough_forward,202,0.369,0.349,8.191,0.906,0.268,2,1
go2_g_a041_a033_ang_vel_xy_m004,candidate,rough_forward,303,0.363,0.353,8.022,0.906,0.275,1,3
go2_g_a041_a033_ang_vel_xy_m004,candidate,rough_lateral,101,0.163,0.329,1.903,0.438,0.216,17,5
go2_g_a041_a033_ang_vel_xy_m004,candidate,rough_lateral,202,0.151,0.322,1.177,0.438,0.234,17,12
go2_g_a041_a033_ang_vel_xy_m004,candidate,rough_lateral,303,0.141,0.325,1.234,0.500,0.237,13,8
go2_g_a041_a033_ang_vel_xy_m004,candidate,stairs_10_down,101,0.128,0.161,1.704,0.062,0.456,2,30
go2_g_a041_a033_ang_vel_xy_m004,candidate,stairs_10_down,202,0.113,0.133,1.558,0.000,0.458,1,32
go2_g_a041_a033_ang_vel_xy_m004,candidate,stairs_10_down,303,0.123,0.142,1.516,0.031,0.459,4,31
go2_g_a041_a033_ang_vel_xy_m004,g_a033_sentinel,forward_nominal,101,0.736,0.359,14.615,1.000,0.114,0,0
go2_g_a041_a033_ang_vel_xy_m004,g_a033_sentinel,rough_forward,101,0.359,0.347,7.626,0.969,0.258,0,1
go2_g_a041_a033_ang_vel_xy_m004,g_a033_sentinel,rough_lateral,101,0.200,0.366,1.785,0.375,0.229,19,14
go2_g_a041_a033_ang_vel_xy_m004,g_a033_sentinel,slope_plus_20,202,0.415,0.350,8.899,1.000,0.195,0,0
go2_g_a042_a033_track_lin_vel_xy_160,candidate,forward_nominal,101,0.723,0.362,14.427,1.000,0.110,0,0
go2_g_a042_a033_track_lin_vel_xy_160,candidate,rough_forward,101,0.217,0.324,4.023,0.812,0.378,2,4
go2_g_a042_a033_track_lin_vel_xy_160,candidate,rough_forward,202,0.250,0.322,3.880,0.719,0.354,4,8
go2_g_a042_a033_track_lin_vel_xy_160,candidate,rough_forward,303,0.257,0.333,4.947,0.844,0.337,1,5
go2_g_a042_a033_track_lin_vel_xy_160,candidate,rough_lateral,101,0.153,0.364,1.722,0.469,0.237,15,14
go2_g_a042_a033_track_lin_vel_xy_160,candidate,rough_lateral,202,0.144,0.354,0.885,0.406,0.247,17,17
go2_g_a042_a033_track_lin_vel_xy_160,candidate,rough_lateral,303,0.150,0.360,1.576,0.469,0.241,14,13
go2_g_a042_a033_track_lin_vel_xy_160,candidate,stairs_10_down,101,0.095,0.173,1.360,0.188,0.462,1,26
go2_g_a042_a033_track_lin_vel_xy_160,candidate,stairs_10_down,202,0.098,0.139,1.370,0.062,0.459,4,30
go2_g_a042_a033_track_lin_vel_xy_160,candidate,stairs_10_down,303,0.098,0.138,1.356,0.094,0.459,3,29
go2_g_a042_a033_track_lin_vel_xy_160,candidate,stairs_15_down,101,0.087,0.117,1.222,0.000,0.462,4,32
go2_g_a042_a033_track_lin_vel_xy_160,candidate,stairs_15_down,202,0.086,0.124,1.267,0.031,0.464,2,31
go2_g_a042_a033_track_lin_vel_xy_160,candidate,stairs_15_down,303,0.080,0.120,1.193,0.031,0.467,1,31
go2_g_a042_a033_track_lin_vel_xy_160,g_a033_sentinel,forward_nominal,101,0.736,0.359,14.615,1.000,0.114,0,0
go2_g_a042_a033_track_lin_vel_xy_160,g_a033_sentinel,rough_forward,101,0.359,0.347,7.626,0.969,0.258,0,1
go2_g_a042_a033_track_lin_vel_xy_160,g_a033_sentinel,rough_lateral,101,0.200,0.366,1.785,0.375,0.229,19,14
go2_g_a042_a033_track_lin_vel_xy_160,g_a033_sentinel,slope_plus_20,202,0.415,0.350,8.899,1.000,0.195,0,0
go2_g_a043_a033_lin_vel_z_m15,candidate,forward_nominal,101,0.731,0.372,14.542,1.000,0.108,0,0
go2_g_a043_a033_lin_vel_z_m15,candidate,forward_nominal,202,0.730,0.369,14.447,1.000,0.108,0,0
go2_g_a043_a033_lin_vel_z_m15,candidate,forward_nominal,303,0.732,0.374,14.639,1.000,0.108,0,0
go2_g_a043_a033_lin_vel_z_m15,candidate,rough_forward,101,0.419,0.356,8.598,0.969,0.198,0,1
go2_g_a043_a033_lin_vel_z_m15,candidate,rough_forward,202,0.427,0.352,8.505,0.906,0.177,1,2
go2_g_a043_a033_lin_vel_z_m15,candidate,rough_forward,303,0.411,0.359,8.271,0.938,0.203,1,1
go2_g_a043_a033_lin_vel_z_m15,candidate,rough_lateral,101,0.164,0.346,2.214,0.750,0.227,8,6
go2_g_a043_a033_lin_vel_z_m15,candidate,rough_lateral,202,0.166,0.341,1.850,0.656,0.232,10,5
go2_g_a043_a033_lin_vel_z_m15,candidate,rough_lateral,303,0.158,0.345,2.285,0.844,0.230,5,3
go2_g_a043_a033_lin_vel_z_m15,candidate,slope_plus_20,101,0.457,0.362,9.108,1.000,0.122,0,0
go2_g_a043_a033_lin_vel_z_m15,candidate,slope_plus_20,202,0.470,0.359,9.467,1.000,0.113,0,0
go2_g_a043_a033_lin_vel_z_m15,candidate,slope_plus_20,303,0.466,0.366,9.228,1.000,0.118,0,0
go2_g_a043_a033_lin_vel_z_m15,candidate,slope_minus_20,101,0.421,0.369,8.383,1.000,0.137,0,0
go2_g_a043_a033_lin_vel_z_m15,candidate,slope_minus_20,202,0.427,0.366,8.479,1.000,0.134,0,0
go2_g_a043_a033_lin_vel_z_m15,candidate,slope_minus_20,303,0.422,0.372,8.301,1.000,0.135,0,0
go2_g_a043_a033_lin_vel_z_m15,candidate,stairs_10_up,101,0.416,0.363,8.226,1.000,0.153,0,0
go2_g_a043_a033_lin_vel_z_m15,candidate,stairs_10_up,202,0.415,0.355,8.256,1.000,0.163,0,0
go2_g_a043_a033_lin_vel_z_m15,candidate,stairs_10_up,303,0.404,0.362,7.906,0.969,0.177,1,1
go2_g_a043_a033_lin_vel_z_m15,candidate,stairs_10_down,101,0.352,0.306,4.978,0.875,0.334,0,4
go2_g_a043_a033_lin_vel_z_m15,candidate,stairs_10_down,202,0.403,0.331,8.593,0.812,0.264,0,6
go2_g_a043_a033_lin_vel_z_m15,candidate,stairs_10_down,303,0.343,0.311,4.792,0.781,0.341,0,7
go2_g_a043_a033_lin_vel_z_m15,candidate,stairs_15_up,101,0.392,0.353,7.801,0.938,0.193,1,1
go2_g_a043_a033_lin_vel_z_m15,candidate,stairs_15_up,202,0.385,0.344,7.492,0.844,0.202,2,4
go2_g_a043_a033_lin_vel_z_m15,candidate,stairs_15_up,303,0.385,0.350,7.555,0.875,0.200,1,3
go2_g_a043_a033_lin_vel_z_m15,candidate,stairs_15_down,101,0.273,0.261,3.286,0.469,0.416,7,11
go2_g_a043_a033_lin_vel_z_m15,candidate,stairs_15_down,202,0.256,0.255,3.137,0.500,0.422,6,16
go2_g_a043_a033_lin_vel_z_m15,candidate,stairs_15_down,303,0.270,0.261,3.287,0.500,0.424,6,12
go2_g_a043_a033_lin_vel_z_m15,g_a033_sentinel,forward_nominal,101,0.736,0.359,14.615,1.000,0.114,0,0
go2_g_a043_a033_lin_vel_z_m15,g_a033_sentinel,rough_forward,101,0.359,0.347,7.626,0.969,0.258,0,1
go2_g_a043_a033_lin_vel_z_m15,g_a033_sentinel,rough_lateral,101,0.200,0.366,1.785,0.375,0.229,19,14
go2_g_a043_a033_lin_vel_z_m15,g_a033_sentinel,slope_plus_20,202,0.415,0.350,8.899,1.000,0.195,0,0
go2_g_a044_a033_lin_vel_z_m175,candidate,forward_nominal,101,0.712,0.376,14.168,1.000,0.115,0,0
go2_g_a044_a033_lin_vel_z_m175,candidate,forward_nominal,202,0.714,0.375,14.330,1.000,0.114,0,0
go2_g_a044_a033_lin_vel_z_m175,candidate,forward_nominal,303,0.710,0.377,14.163,1.000,0.116,0,0
go2_g_a044_a033_lin_vel_z_m175,candidate,rough_forward,101,0.364,0.344,7.628,0.906,0.247,0,3
go2_g_a044_a033_lin_vel_z_m175,candidate,rough_forward,202,0.406,0.349,8.108,1.000,0.181,0,0
go2_g_a044_a033_lin_vel_z_m175,candidate,rough_forward,303,0.368,0.350,7.610,1.000,0.229,0,0
go2_g_a044_a033_lin_vel_z_m175,candidate,rough_lateral,101,0.185,0.351,1.236,0.219,0.228,25,8
go2_g_a044_a033_lin_vel_z_m175,candidate,rough_lateral,202,0.194,0.349,0.652,0.156,0.237,27,16
go2_g_a044_a033_lin_vel_z_m175,candidate,rough_lateral,303,0.194,0.354,0.760,0.125,0.234,28,10
go2_g_a044_a033_lin_vel_z_m175,candidate,slope_plus_20,101,0.454,0.371,9.033,1.000,0.134,0,0
go2_g_a044_a033_lin_vel_z_m175,candidate,slope_plus_20,202,0.452,0.369,9.054,1.000,0.137,0,0
go2_g_a044_a033_lin_vel_z_m175,candidate,slope_plus_20,303,0.450,0.372,9.000,1.000,0.136,0,0
go2_g_a044_a033_lin_vel_z_m175,candidate,slope_minus_20,101,0.398,0.376,7.924,1.000,0.151,0,0
go2_g_a044_a033_lin_vel_z_m175,candidate,slope_minus_20,202,0.404,0.374,7.965,1.000,0.147,0,0
go2_g_a044_a033_lin_vel_z_m175,candidate,slope_minus_20,303,0.391,0.378,7.653,1.000,0.154,0,0
go2_g_a044_a033_lin_vel_z_m175,candidate,stairs_10_up,101,0.367,0.369,7.432,0.781,0.211,1,6
go2_g_a044_a033_lin_vel_z_m175,candidate,stairs_10_up,202,0.361,0.367,6.980,0.656,0.221,1,10
go2_g_a044_a033_lin_vel_z_m175,candidate,stairs_10_up,303,0.355,0.371,7.164,0.750,0.218,1,8
go2_g_a044_a033_lin_vel_z_m175,candidate,stairs_10_down,101,0.226,0.252,2.439,0.281,0.447,0,23
go2_g_a044_a033_lin_vel_z_m175,candidate,stairs_10_down,202,0.216,0.246,2.774,0.219,0.440,0,25
go2_g_a044_a033_lin_vel_z_m175,candidate,stairs_10_down,303,0.233,0.258,2.854,0.469,0.425,0,17
go2_g_a044_a033_lin_vel_z_m175,candidate,stairs_15_up,101,0.356,0.353,7.074,0.594,0.230,5,11
go2_g_a044_a033_lin_vel_z_m175,candidate,stairs_15_up,202,0.365,0.352,6.773,0.688,0.219,4,8
go2_g_a044_a033_lin_vel_z_m175,candidate,stairs_15_up,303,0.354,0.355,7.003,0.688,0.223,6,6
go2_g_a044_a033_lin_vel_z_m175,candidate,stairs_15_down,101,0.242,0.202,1.670,0.031,0.438,17,31
go2_g_a044_a033_lin_vel_z_m175,candidate,stairs_15_down,202,0.235,0.193,1.540,0.000,0.446,19,32
go2_g_a044_a033_lin_vel_z_m175,candidate,stairs_15_down,303,0.249,0.184,1.571,0.000,0.451,18,32
go2_g_a044_a033_lin_vel_z_m175,g_a033_sentinel,forward_nominal,101,0.736,0.359,14.615,1.000,0.114,0,0
go2_g_a044_a033_lin_vel_z_m175,g_a033_sentinel,rough_forward,101,0.359,0.347,7.626,0.969,0.258,0,1
go2_g_a044_a033_lin_vel_z_m175,g_a033_sentinel,rough_lateral,101,0.200,0.366,1.785,0.375,0.229,19,14
go2_g_a044_a033_lin_vel_z_m175,g_a033_sentinel,slope_plus_20,202,0.415,0.350,8.899,1.000,0.195,0,0
go2_pilot_v2_baseline,pilot_v2,forward_nominal,101,0.742,0.336,14.839,1.000,0.129,0,0
go2_pilot_v2_baseline,pilot_v2,forward_nominal,202,0.745,0.334,14.848,1.000,0.129,0,0
go2_pilot_v2_baseline,pilot_v2,forward_nominal,303,0.743,0.337,14.837,1.000,0.129,0,0
go2_pilot_v2_baseline,pilot_v2,rough_forward,101,0.241,0.314,4.031,0.812,0.359,1,6
go2_pilot_v2_baseline,pilot_v2,rough_forward,202,0.245,0.310,4.275,0.875,0.363,0,4
go2_pilot_v2_baseline,pilot_v2,rough_forward,303,0.298,0.316,6.030,0.875,0.304,2,3
go2_pilot_v2_baseline,pilot_v2,rough_lateral,101,0.115,0.292,1.464,0.188,0.251,6,23
go2_pilot_v2_baseline,pilot_v2,rough_lateral,202,0.143,0.297,1.617,0.344,0.238,11,16
go2_pilot_v2_baseline,pilot_v2,rough_lateral,303,0.133,0.304,0.955,0.094,0.247,14,23
go2_pilot_v2_baseline,pilot_v2,slope_plus_20,101,0.214,0.314,2.206,1.000,0.385,0,0
go2_pilot_v2_baseline,pilot_v2,slope_plus_20,202,0.222,0.313,2.354,1.000,0.378,0,0
go2_pilot_v2_baseline,pilot_v2,slope_plus_20,303,0.195,0.318,1.861,1.000,0.399,0,0
go2_pilot_v2_baseline,pilot_v2,slope_minus_20,101,0.415,0.340,8.462,0.969,0.163,1,0
go2_pilot_v2_baseline,pilot_v2,slope_minus_20,202,0.426,0.338,8.686,1.000,0.152,0,0
go2_pilot_v2_baseline,pilot_v2,slope_minus_20,303,0.427,0.342,8.544,1.000,0.141,0,0
go2_pilot_v2_baseline,pilot_v2,stairs_10_up,101,0.383,0.335,7.971,0.750,0.205,0,8
go2_pilot_v2_baseline,pilot_v2,stairs_10_up,202,0.382,0.333,7.662,0.750,0.209,0,8
go2_pilot_v2_baseline,pilot_v2,stairs_10_up,303,0.389,0.338,7.857,0.875,0.194,0,4
go2_pilot_v2_baseline,pilot_v2,stairs_10_down,101,0.138,0.237,1.765,0.125,0.448,2,28
go2_pilot_v2_baseline,pilot_v2,stairs_10_down,202,0.131,0.247,1.783,0.125,0.451,2,28
go2_pilot_v2_baseline,pilot_v2,stairs_10_down,303,0.130,0.229,1.781,0.094,0.450,1,29
go2_pilot_v2_baseline,pilot_v2,stairs_15_up,101,0.320,0.332,5.696,0.719,0.256,2,7
go2_pilot_v2_baseline,pilot_v2,stairs_15_up,202,0.324,0.331,5.779,0.781,0.257,2,6
go2_pilot_v2_baseline,pilot_v2,stairs_15_up,303,0.321,0.336,5.723,0.812,0.259,4,4
go2_pilot_v2_baseline,pilot_v2,stairs_15_down,101,0.103,0.121,1.402,0.031,0.458,1,31
go2_pilot_v2_baseline,pilot_v2,stairs_15_down,202,0.103,0.110,1.347,0.000,0.456,4,32
go2_pilot_v2_baseline,pilot_v2,stairs_15_down,303,0.106,0.122,1.339,0.000,0.456,3,32
go2_track_lin_vel_120_v1,baseline_tier1,rough_forward,101,0.032,,1.385,0.750,0.498,8,
go2_track_lin_vel_120_v1,baseline_tier1,slope_plus_20,101,0.029,,1.342,1.000,0.490,0,
go2_track_lin_vel_120_v1,baseline_tier1,stairs_15_up,101,0.028,,0.336,1.000,0.490,0,
go2_track_lin_vel_120_v1,candidate,rough_forward,101,0.031,,0.255,0.844,0.491,5,
go2_track_lin_vel_120_v1,candidate,slope_plus_20,101,0.026,,0.323,1.000,0.491,0,
go2_track_lin_vel_120_v1,candidate,stairs_15_up,101,0.025,,0.319,1.000,0.491,0,
