arm,seed,case,summary_present,summary_path,survival_proxy,survival_proxy_v1,survival_proxy_v2,survival_proxy_source,tracking_xy_rmse,tracking_yaw_rmse,post_push_tracking_xy_rmse,projected_progress_m,terminated_env_count,fallen_env_count,posture_fall_env_count_optimistic,posture_fall_env_count_pessimistic,posture_measured,posture_coverage,height_rel_mean,height_rel_median,height_rel_p10,speed_xy_mean,steps,step_dt,rows,schema_version,measurement_contract,recovery_rate,recovery_rate_upright,posture_gate_height_rel_min_m,posture_gate_tilt_cos_max,tracking_xy_proxy,tracking_yaw_proxy,obstacle_completion,tracking_proxy_engine,scenario_proxy_v1,scenario_proxy_v2,scenario_proxy_engine,tracking_proxy_official_shape,scenario_proxy_official_shape_v1,scenario_proxy_official_shape_v2
A033,101,forward_nominal,True,workspace/_keep/go2_g_a033_a017_track_lin_vel_xy_150/evaluation/candidate/cases/seed_101/forward_nominal/summary.json,1.0,1.0,1.0,posture_gate_v2,0.11396777109104736,0.12036948166893019,0.07475643458447542,14.615321758298668,0,0,0,0,True,1.0,0.3578016569259512,0.35850917862698356,0.33610358117098477,0.735659578550715,1000,0.02,32000,6,posture_gate_v2/both_channels_required/no_v1_fallback/row_and_env_coverage_0.99/missing_rows_not_upright/fall_verdict_unambiguous/finite_kinematics_required,0.0,0.0,0.18,0.5,0.9493719565386185,0.9436921781616238,,0.9493719565386185,0.9493719565386185,0.9493719565386185,0.9493719565386185,0.9493719565386185,0.9493719565386185,0.9493719565386185
A033,101,push_pos_x,True,workspace/_keep/go2_g_a033_a017_track_lin_vel_xy_150/evaluation/candidate/cases/seed_101/push_pos_x/summary.json,0.84375,0.84375,0.84375,posture_gate_v2,0.08727137604835394,0.1627116937021128,0.09589429407541449,,5,2,5,5,True,1.0,0.38223931706190745,0.3841925180532078,0.37004462665415067,0.04861949469709407,1000,0.02,32000,6,posture_gate_v2/both_channels_required/no_v1_fallback/row_and_env_coverage_0.99/missing_rows_not_upright/fall_verdict_unambiguous/finite_kinematics_required,1.0,1.0,0.18,0.5,0.9699942141372151,0.8995142522603666,,0.9638854082523056,0.8132783132128829,0.8132783132128829,0.8132783132128829,0.9638854082523056,0.8132783132128829,0.8132783132128829
A033,101,rough_forward,True,workspace/_keep/go2_g_a033_a017_track_lin_vel_xy_150/evaluation/candidate/cases/seed_101/rough_forward/summary.json,0.96875,1.0,0.96875,posture_gate_v2,0.2584487338303933,0.1680558955885583,0.2594722825890756,7.625694124004805,0,1,1,1,True,1.0,0.33589489719642696,0.3473940262979365,0.27799654150391645,0.35939594654877677,1000,0.02,32000,6,posture_gate_v2/both_channels_required/no_v1_fallback/row_and_env_coverage_0.99/missing_rows_not_upright/fall_verdict_unambiguous/finite_kinematics_required,0.359375,0.328125,0.18,0.5,0.7655329721808383,0.8931764402384159,,0.7655329721808383,0.7655329721808383,0.741610066800187,0.741610066800187,0.7655329721808383,0.7655329721808383,0.741610066800187
A033,101,rough_lateral,True,workspace/_keep/go2_g_a033_a017_track_lin_vel_xy_150/evaluation/candidate/cases/seed_101/rough_lateral/summary.json,0.375,0.40625,0.375,posture_gate_v2,0.22947435574292877,0.31164331026593073,0.23247218961673044,1.7854565632517914,19,14,20,20,True,1.0,0.3481342981508684,0.36596396796524844,0.26778634012064195,0.1995558523603209,1000,0.02,32000,6,posture_gate_v2/both_channels_required/no_v1_fallback/row_and_env_coverage_0.99/missing_rows_not_upright/fall_verdict_unambiguous/finite_kinematics_required,0.7109375,0.6953125,0.18,0.5,0.8100705634217098,0.6780825716695041,,0.8100705634217098,0.32909116639006963,0.3037764612831412,0.3037764612831412,0.8100705634217098,0.32909116639006963,0.3037764612831412
A033,101,stairs_10_down,True,workspace/_keep/go2_g_a033_a017_track_lin_vel_xy_150/evaluation/candidate/cases/seed_101/stairs_10_down/summary.json,0.875,0.96875,0.875,posture_gate_v2,0.44881958027595475,0.16209686294625802,0.48855015442578875,2.1256774824907154,1,4,4,4,True,1.0,0.26808322411397323,0.2589127828571248,0.1983773658141733,0.19906291658396527,1000,0.02,32000,6,posture_gate_v2/both_channels_required/no_v1_fallback/row_and_env_coverage_0.99/missing_rows_not_upright/fall_verdict_unambiguous/finite_kinematics_required,0.859375,0.8203125,0.18,0.5,0.44675002787106377,0.9002330795507231,0.21256774824907154,0.21256774824907154,0.20592500611628806,0.1859967797179376,0.1859967797179376,0.44675002787106377,0.43278908950009304,0.3909062743871808
A033,202,forward_nominal,True,workspace/_keep/go2_g_a033_a017_track_lin_vel_xy_150/evaluation/candidate/cases/seed_202/forward_nominal/summary.json,1.0,1.0,1.0,posture_gate_v2,0.11317065119756813,0.11970232817558576,0.07637183880029376,14.95240653433838,0,0,0,0,True,1.0,0.35453478685808293,0.3551515073062264,0.3309511934372193,0.7408689751674717,1000,0.02,32000,6,posture_gate_v2/both_channels_required/no_v1_fallback/row_and_env_coverage_0.99/missing_rows_not_upright/fall_verdict_unambiguous/finite_kinematics_required,0.0,0.0,0.18,0.5,0.9500597656366279,0.9442969567436565,,0.9500597656366279,0.9500597656366279,0.9500597656366279,0.9500597656366279,0.9500597656366279,0.9500597656366279,0.9500597656366279
A033,202,push_pos_x,True,workspace/_keep/go2_g_a033_a017_track_lin_vel_xy_150/evaluation/candidate/cases/seed_202/push_pos_x/summary.json,0.96875,0.96875,0.96875,posture_gate_v2,0.07890279496802033,0.1298807485605107,0.08640468127236738,,1,0,1,1,True,1.0,0.3833614967388069,0.3841874425742715,0.3735910290702779,0.04648939883399484,1000,0.02,32000,6,posture_gate_v2/both_channels_required/no_v1_fallback/row_and_env_coverage_0.99/missing_rows_not_upright/fall_verdict_unambiguous/finite_kinematics_required,1.0,1.0,0.18,0.5,0.975404907728788,0.9347501212729394,,0.9705784201407051,0.940247844511308,0.940247844511308,0.940247844511308,0.9705784201407051,0.940247844511308,0.940247844511308
A033,202,rough_forward,True,workspace/_keep/go2_g_a033_a017_track_lin_vel_xy_150/evaluation/candidate/cases/seed_202/rough_forward/summary.json,1.0,1.0,1.0,posture_gate_v2,0.22387394761607451,0.1557007228187014,0.22653233457757432,8.028433070438917,0,0,0,0,True,1.0,0.3406620916234713,0.34797470144090803,0.29138348893048294,0.3824723040756911,1000,0.02,32000,6,posture_gate_v2/both_channels_required/no_v1_fallback/row_and_env_coverage_0.99/missing_rows_not_upright/fall_verdict_unambiguous/finite_kinematics_required,0.2734375,0.2734375,0.18,0.5,0.8183393478900558,0.9075824523874416,,0.8183393478900558,0.8183393478900558,0.8183393478900558,0.8183393478900558,0.8183393478900558,0.8183393478900558,0.8183393478900558
A033,202,rough_lateral,True,workspace/_keep/go2_g_a033_a017_track_lin_vel_xy_150/evaluation/candidate/cases/seed_202/rough_lateral/summary.json,0.375,0.375,0.375,posture_gate_v2,0.23274150538616975,0.28852646450587804,0.23258290535263568,2.1622610797965907,20,15,20,20,True,1.0,0.34583570352811016,0.36377304720687353,0.26724979424859113,0.19520810897684968,1000,0.02,32000,6,posture_gate_v2/both_channels_required/no_v1_fallback/row_and_env_coverage_0.99/missing_rows_not_upright/fall_verdict_unambiguous/finite_kinematics_required,0.765625,0.765625,0.18,0.5,0.8051920703479749,0.7167773024862235,,0.8051920703479749,0.3019470263804906,0.3019470263804906,0.3019470263804906,0.8051920703479749,0.3019470263804906,0.3019470263804906
A033,202,stairs_10_down,True,workspace/_keep/go2_g_a033_a017_track_lin_vel_xy_150/evaluation/candidate/cases/seed_202/stairs_10_down/summary.json,0.53125,0.9375,0.53125,posture_gate_v2,0.4399607022461985,0.15820334398358554,0.4766005392292089,2.2166991033824135,2,14,15,15,True,1.0,0.260651339686989,0.26256378022904064,0.1584582057866183,0.18023850488225107,1000,0.02,32000,6,posture_gate_v2/both_channels_required/no_v1_fallback/row_and_env_coverage_0.99/missing_rows_not_upright/fall_verdict_unambiguous/finite_kinematics_required,0.8828125,0.71875,0.18,0.5,0.4610440542974796,0.9047350033030804,0.22166991033824135,0.22166991033824135,0.20781554094210125,0.11776213986719072,0.11776213986719072,0.4610440542974796,0.4322288009038871,0.24492965384553603
A033,303,forward_nominal,True,workspace/_keep/go2_g_a033_a017_track_lin_vel_xy_150/evaluation/candidate/cases/seed_303/forward_nominal/summary.json,1.0,1.0,1.0,posture_gate_v2,0.11273749546457197,0.12122385884769972,0.07403383868024004,14.590024925339971,0,0,0,0,True,1.0,0.3598471151895293,0.36068833424127034,0.3403538841614749,0.7324983689493234,1000,0.02,32000,6,posture_gate_v2/both_channels_required/no_v1_fallback/row_and_env_coverage_0.99/missing_rows_not_upright/fall_verdict_unambiguous/finite_kinematics_required,0.0,0.0,0.18,0.5,0.950431704769646,0.942913342784529,,0.950431704769646,0.950431704769646,0.950431704769646,0.950431704769646,0.950431704769646,0.950431704769646,0.950431704769646
A033,303,push_pos_x,True,workspace/_keep/go2_g_a033_a017_track_lin_vel_xy_150/evaluation/candidate/cases/seed_303/push_pos_x/summary.json,0.9375,0.9375,0.9375,posture_gate_v2,0.083160020274619,0.13671205554393961,0.09123335393218628,,2,1,2,2,True,1.0,0.3842654520297936,0.38583989489206016,0.37181364629357894,0.04760257453347122,1000,0.02,32000,6,posture_gate_v2/both_channels_required/no_v1_fallback/row_and_env_coverage_0.99/missing_rows_not_upright/fall_verdict_unambiguous/finite_kinematics_required,1.0,1.0,0.18,0.5,0.9727167434416826,0.9279654805934104,,0.9672540488421596,0.9068006707895246,0.9068006707895246,0.9068006707895246,0.9672540488421596,0.9068006707895246,0.9068006707895246
A033,303,rough_forward,True,workspace/_keep/go2_g_a033_a017_track_lin_vel_xy_150/evaluation/candidate/cases/seed_303/rough_forward/summary.json,0.90625,0.90625,0.90625,posture_gate_v2,0.25460420856043314,0.16351362564167368,0.2509496653795306,6.855029350442935,3,3,3,3,True,1.0,0.3439244106209035,0.3513400359427865,0.294234228962883,0.35739520903347166,1000,0.02,32000,6,posture_gate_v2/both_channels_required/no_v1_fallback/row_and_env_coverage_0.99/missing_rows_not_upright/fall_verdict_unambiguous/finite_kinematics_required,0.390625,0.390625,0.18,0.5,0.7715967483948106,0.8985734550868325,,0.7715967483948106,0.6992595532327971,0.6992595532327971,0.6992595532327971,0.7715967483948106,0.6992595532327971,0.6992595532327971
A033,303,rough_lateral,True,workspace/_keep/go2_g_a033_a017_track_lin_vel_xy_150/evaluation/candidate/cases/seed_303/rough_lateral/summary.json,0.40625,0.40625,0.40625,posture_gate_v2,0.22764084069305066,0.2897498470792619,0.22894328830930213,2.0317808940820408,19,16,19,19,True,1.0,0.3540717596211396,0.3685597581340667,0.2911078944244487,0.1899747123870208,1000,0.02,32000,6,posture_gate_v2/both_channels_required/no_v1_fallback/row_and_env_coverage_0.99/missing_rows_not_upright/fall_verdict_unambiguous/finite_kinematics_required,0.671875,0.640625,0.18,0.5,0.8127908908000037,0.7147518242229391,,0.8127908908000037,0.3301962993875015,0.3301962993875015,0.3301962993875015,0.8127908908000037,0.3301962993875015,0.3301962993875015
A033,303,stairs_10_down,True,workspace/_keep/go2_g_a033_a017_track_lin_vel_xy_150/evaluation/candidate/cases/seed_303/stairs_10_down/summary.json,0.53125,0.90625,0.53125,posture_gate_v2,0.4421757476192623,0.16671836695333314,0.4794901901797884,2.215367752761083,3,14,15,15,True,1.0,0.2520914870175767,0.25731060514475573,0.13155887327729698,0.1923569073363181,1000,0.02,32000,6,posture_gate_v2/both_channels_required/no_v1_fallback/row_and_env_coverage_0.99/missing_rows_not_upright/fall_verdict_unambiguous/finite_kinematics_required,0.9453125,0.7109375,0.18,0.5,0.4574546306644363,0.8947776247747874,0.2215367752761083,0.2215367752761083,0.20076770259397314,0.11769141186543253,0.11769141186543253,0.4574546306644363,0.4145682590396454,0.2430227725404818
A038,101,forward_nominal,True,workspace/_keep/go2_g_a038_a033_ang_vel_xy_m008/evaluation/candidate/cases/seed_101/forward_nominal/summary.json,1.0,1.0,1.0,posture_gate_v2,0.18223656413671796,0.11643973383266765,0.16730747435681195,12.272677253363652,0,0,0,0,True,1.0,0.3185512269937538,0.31994805799767295,0.29581596092744306,0.6182021168793125,1000,0.02,32000,6,posture_gate_v2/both_channels_required/no_v1_fallback/row_and_env_coverage_0.99/missing_rows_not_upright/fall_verdict_unambiguous/finite_kinematics_required,0.0,0.0,0.18,0.5,0.8756045987508406,0.9472115259713183,,0.8756045987508406,0.8756045987508406,0.8756045987508406,0.8756045987508406,0.8756045987508406,0.8756045987508406,0.8756045987508406
A038,101,push_pos_x,True,workspace/_keep/go2_g_a038_a033_ang_vel_xy_m008/evaluation/candidate/cases/seed_101/push_pos_x/summary.json,0.96875,0.96875,0.96875,posture_gate_v2,0.0828330167540693,0.11726394010544783,0.08979611612312215,,1,0,1,1,True,1.0,0.382434916933305,0.38520983769931894,0.3701212183039456,0.050636682339801724,1000,0.02,32000,6,posture_gate_v2/both_channels_required/no_v1_fallback/row_and_env_coverage_0.99/missing_rows_not_upright/fall_verdict_unambiguous/finite_kinematics_required,1.0,1.0,0.18,0.5,0.9729279638268264,0.946481999384809,,0.9682612227642715,0.938003059552888,0.938003059552888,0.938003059552888,0.9682612227642715,0.938003059552888,0.938003059552888
A038,101,rough_forward,False,workspace/_keep/go2_g_a038_a033_ang_vel_xy_m008/evaluation/candidate/cases/seed_101/rough_forward/summary.json,,,,,,,,,,,,,,,,,,,,,,,,,,,,,,,,,,,,,
A038,101,rough_lateral,True,workspace/_keep/go2_g_a038_a033_ang_vel_xy_m008/evaluation/candidate/cases/seed_101/rough_lateral/summary.json,0.875,0.9375,0.875,posture_gate_v2,0.2109152632375285,0.2038495723956107,0.21761985638232276,2.8110443013769677,2,3,4,4,True,1.0,0.32439435303616615,0.3354671756054628,0.26687434714108227,0.16195123857592988,1000,0.02,32000,6,posture_gate_v2/both_channels_required/no_v1_fallback/row_and_env_coverage_0.99/missing_rows_not_upright/fall_verdict_unambiguous/finite_kinematics_required,0.828125,0.8046875,0.18,0.5,0.8369918103519948,0.8468610963325921,,0.8369918103519948,0.7846798222049951,0.7323678340579954,0.7323678340579954,0.8369918103519948,0.7846798222049951,0.7323678340579954
A038,101,stairs_10_down,True,workspace/_keep/go2_g_a038_a033_ang_vel_xy_m008/evaluation/candidate/cases/seed_101/stairs_10_down/summary.json,0.0,0.96875,0.0,posture_gate_v2,0.4472419469867558,0.11402807461270599,0.48223908792025394,1.4948462044821667,1,32,32,32,True,1.0,0.18222260574803734,0.1654941710558805,0.12281376250924914,0.10211688637019758,1000,0.02,32000,6,posture_gate_v2/both_channels_required/no_v1_fallback/row_and_env_coverage_0.99/missing_rows_not_upright/fall_verdict_unambiguous/finite_kinematics_required,1.0,0.234375,0.18,0.5,0.4492833880362778,0.9493197464948631,0.14948462044821667,0.14948462044821667,0.1448132260592099,0.0,0.0,0.4492833880362778,0.43524328216014413,0.0
A038,202,forward_nominal,False,workspace/_keep/go2_g_a038_a033_ang_vel_xy_m008/evaluation/candidate/cases/seed_202/forward_nominal/summary.json,,,,,,,,,,,,,,,,,,,,,,,,,,,,,,,,,,,,,
A038,202,push_pos_x,True,workspace/_keep/go2_g_a038_a033_ang_vel_xy_m008/evaluation/candidate/cases/seed_202/push_pos_x/summary.json,1.0,1.0,1.0,posture_gate_v2,0.08838351447312132,0.11350887905566581,0.09639342031156002,,0,0,0,0,True,1.0,0.3799151197894611,0.38422120470095444,0.3674298537606224,0.05379150162157667,1000,0.02,32000,6,posture_gate_v2/both_channels_required/no_v1_fallback/row_and_env_coverage_0.99/missing_rows_not_upright/fall_verdict_unambiguous/finite_kinematics_required,1.0,1.0,0.18,0.5,0.9692365468147928,0.9497684485187529,,0.9635154404138144,0.9635154404138144,0.9635154404138144,0.9635154404138144,0.9635154404138144,0.9635154404138144,0.9635154404138144
A038,202,rough_forward,False,workspace/_keep/go2_g_a038_a033_ang_vel_xy_m008/evaluation/candidate/cases/seed_202/rough_forward/summary.json,,,,,,,,,,,,,,,,,,,,,,,,,,,,,,,,,,,,,
A038,202,rough_lateral,True,workspace/_keep/go2_g_a038_a033_ang_vel_xy_m008/evaluation/candidate/cases/seed_202/rough_lateral/summary.json,0.75,0.75,0.75,posture_gate_v2,0.22065677149303076,0.23674112509809522,0.22609653488137652,2.497246809815408,8,2,8,8,True,1.0,0.32253666611072573,0.32812385643548503,0.27187226401930825,0.1592494929207727,1000,0.02,32000,6,posture_gate_v2/both_channels_required/no_v1_fallback/row_and_env_coverage_0.99/missing_rows_not_upright/fall_verdict_unambiguous/finite_kinematics_required,0.7890625,0.7890625,0.18,0.5,0.8230341017791153,0.7991669221137838,,0.8230341017791153,0.6172755763343365,0.6172755763343365,0.6172755763343365,0.8230341017791153,0.6172755763343365,0.6172755763343365
A038,202,stairs_10_down,True,workspace/_keep/go2_g_a038_a033_ang_vel_xy_m008/evaluation/candidate/cases/seed_202/stairs_10_down/summary.json,0.0,1.0,0.0,posture_gate_v2,0.45185073274913407,0.09999746009500737,0.4873657719682102,1.4926908370861218,0,32,32,32,True,1.0,0.18441651153183458,0.1745192096195119,0.11463610644646505,0.09435261015367856,1000,0.02,32000,6,posture_gate_v2/both_channels_required/no_v1_fallback/row_and_env_coverage_0.99/missing_rows_not_upright/fall_verdict_unambiguous/finite_kinematics_required,1.0,0.40625,0.18,0.5,0.441897935492975,0.9607913913806286,0.1492690837086122,0.1492690837086122,0.1492690837086122,0.0,0.0,0.441897935492975,0.441897935492975,0.0
A038,303,forward_nominal,False,workspace/_keep/go2_g_a038_a033_ang_vel_xy_m008/evaluation/candidate/cases/seed_303/forward_nominal/summary.json,,,,,,,,,,,,,,,,,,,,,,,,,,,,,,,,,,,,,
A038,303,push_pos_x,True,workspace/_keep/go2_g_a038_a033_ang_vel_xy_m008/evaluation/candidate/cases/seed_303/push_pos_x/summary.json,0.9375,0.9375,0.9375,posture_gate_v2,0.08364001932046614,0.11884529054196992,0.09067307918592485,,2,0,2,2,True,1.0,0.3840255084614342,0.3862949840047143,0.3745483368794548,0.050682885495910004,1000,0.02,32000,6,posture_gate_v2/both_channels_required/no_v1_fallback/row_and_env_coverage_0.99/missing_rows_not_upright/fall_verdict_unambiguous/finite_kinematics_required,1.0,1.0,0.18,0.5,0.9724052754909035,0.9450694970543387,,0.9676484499996817,0.9071704218747015,0.9071704218747015,0.9071704218747015,0.9676484499996817,0.9071704218747015,0.9071704218747015
A038,303,rough_forward,False,workspace/_keep/go2_g_a038_a033_ang_vel_xy_m008/evaluation/candidate/cases/seed_303/rough_forward/summary.json,,,,,,,,,,,,,,,,,,,,,,,,,,,,,,,,,,,,,
A038,303,rough_lateral,True,workspace/_keep/go2_g_a038_a033_ang_vel_xy_m008/evaluation/candidate/cases/seed_303/rough_lateral/summary.json,0.8125,0.8125,0.8125,posture_gate_v2,0.23230163709796403,0.23461449344964772,0.23841268318634132,2.198672018441721,6,4,6,6,True,1.0,0.32252540512165845,0.3333941807243276,0.2708880622437931,0.14859208757795203,1000,0.02,32000,6,posture_gate_v2/both_channels_required/no_v1_fallback/row_and_env_coverage_0.99/missing_rows_not_upright/fall_verdict_unambiguous/finite_kinematics_required,0.859375,0.828125,0.18,0.5,0.8058511730120963,0.8023776937408049,,0.8058511730120963,0.6547540780723282,0.6547540780723282,0.6547540780723282,0.8058511730120963,0.6547540780723282,0.6547540780723282
A038,303,stairs_10_down,True,workspace/_keep/go2_g_a038_a033_ang_vel_xy_m008/evaluation/candidate/cases/seed_303/stairs_10_down/summary.json,0.0,1.0,0.0,posture_gate_v2,0.4509659574215775,0.10616073531468591,0.4855283203640492,1.4317618565949686,0,32,32,32,True,1.0,0.1806709025653906,0.16389732620614095,0.12122723396449164,0.09551423224720484,1000,0.02,32000,6,posture_gate_v2/both_channels_required/no_v1_fallback/row_and_env_coverage_0.99/missing_rows_not_upright/fall_verdict_unambiguous/finite_kinematics_required,1.0,0.21875,0.18,0.5,0.4433121280641565,0.9559206161388355,0.14317618565949686,0.14317618565949686,0.14317618565949686,0.0,0.0,0.4433121280641565,0.4433121280641565,0.0
