arm,seed,case,env_id,rows,upright_frac,height_rel_mean,height_rel_min,height_rel_mean_last200,proj_grav_z_mean,proj_grav_z_min,proj_grav_z_mean_last200,speed_xy_mean,speed_xy_mean_last200,first_height_rel_below_0p18_step,terminated_any,term_base_contact_any,net_dx_m,net_dy_m,net_dxy_m,terrain_z_first,terrain_z_last,terrain_z_climb_m,root_z_first,root_z_last
A033,101,stairs_10_down,0,1000,0.987,0.2840048935332882,0.1670597354996013,0.29400983129496405,-0.9629081382155419,-1.0,-0.941476834947197,0.14457673569179302,0.036162689685670664,284,0,0,0.2138238251209259,0.2921724319458008,0.3620571200494031,-0.6973276903285063,-0.7000008343375302,-0.0026731440090239644,-0.3005020320415497,-0.29999998211860657
A033,101,stairs_10_down,1,1000,1.0,0.28123528932369635,0.19594813365349795,0.26808588594173643,-0.9842155813574791,-1.0,-0.9841358611239722,0.14662374612624943,0.057279280838664966,,0,0,-0.32934699952602386,-0.2871723175048828,0.4369638269215428,-0.696257586147696,-0.7000007629394531,-0.0037431767917571745,-0.3006337285041809,-0.29999998211860657
A033,101,stairs_10_down,2,1000,0.665,0.21769012003316301,0.15116685023282306,0.17577701459419515,-0.9810017758011818,-1.0,-0.9821320858167771,0.20557673589275602,0.10959654999840601,311,0,0,-0.12721630930900574,0.7054901123046875,0.7168683895345681,-0.6983967133384338,-0.700000824137805,-0.0016041107993711723,-0.30046164989471436,-0.29999998211860657
A033,101,stairs_10_down,3,1000,1.0,0.237851510604913,0.18310375647111377,0.2225486384475019,-0.9877621729969979,-1.0,-0.9866915606147614,0.20506905893362623,0.16452204884842186,,0,0,-0.3639315664768219,0.42037391662597656,0.5560219553738296,-0.7000013953224223,-0.7000008547369809,5.405854414108902e-07,-0.3004383444786072,-0.29999998211860657
A033,101,stairs_10_down,4,1000,0.994,0.2427189728588061,0.1744628229880716,0.23613388595574727,-0.9820906897783279,-1.0,-0.9839167541532374,0.21998802584054244,0.11187703942214745,169,0,0,0.009168088436126709,-0.10432147979736328,0.10472356464847973,-0.7000007935386291,-0.7000008649367062,-7.139807711720181e-08,-0.30058547854423523,-0.29999998211860657
A033,101,stairs_10_down,5,1000,1.0,0.2720865811259352,0.19748674994483983,0.24308559435804064,-0.9768731427192688,-1.0,-0.9727261484558902,0.18029631036016544,0.10938932396071586,,0,0,-0.057167068123817444,0.45929431915283203,0.4628383576195222,-0.7000007425400026,-0.7000009057356075,-1.6319560491862006e-07,-0.30015939474105835,-0.29999998211860657
A033,101,stairs_10_down,6,1000,1.0,0.27308670618763575,0.18645523289308186,0.24813100137217903,-0.9779405925273895,-1.0,-0.9740342826985601,0.2011606296574249,0.10529824935808559,,0,0,0.10579177737236023,0.17783546447753906,0.2069235428498775,-0.6962578819397299,-0.7000008037383544,-0.0037429217986244545,-0.3004637062549591,-0.29999998211860657
A033,101,stairs_10_down,7,1000,0.984,0.2792891909921547,0.16606281052298721,0.2574334404200032,-0.9876395903229713,-1.0,-0.9934677843430743,0.20429145199951299,0.09312049278989352,269,0,0,0.2911303788423538,-0.061280250549316406,0.29750994368639083,-0.6941187343495415,-0.6967923067470285,-0.0026735723974870007,-0.30035191774368286,-0.29999998211860657
A033,101,stairs_10_down,8,1000,0.985,0.2596405476173669,0.15564877368549612,0.2356121722188648,-0.9851119328737259,-1.0,-0.9833459842264356,0.20660200128612638,0.05670568174305479,200,0,0,-0.2742595970630646,-0.43291378021240234,0.5124769923411067,-0.700000558944947,-0.6973264561617438,0.002674102783203125,-0.30052435398101807,-0.29999998211860657
A033,101,stairs_10_down,9,1000,1.0,0.2467906351961236,0.18532983185773222,0.20891659926362147,-0.9890877568721771,-1.0,-0.9895350372613366,0.21597011055537096,0.1696308311601855,,0,0,0.017837148159742355,0.7653889656066895,0.7655967819465744,-0.700000926135058,-0.6983960707557393,0.0016048553793187592,-0.3003740906715393,-0.29999998211860657
A033,101,stairs_10_down,10,1000,0.99,0.2856642944038676,0.16902140006024569,0.2850909380586491,-0.9872877671122551,-1.0,-0.9930312378489556,0.31161858123740693,0.2115037944351313,202,0,0,0.27225348353385925,-0.23774075508117676,0.36144519075911,-0.6935831569732829,-0.7000004875468698,-0.006417330573586955,-0.30078527331352234,-0.29999998211860657
A033,101,stairs_10_down,11,1000,0.997,0.304548647661499,0.1774403832175515,0.26120704922208726,-0.9536405246853829,-1.0,-0.9697197067796888,0.1165928242293462,0.08960870647746157,122,0,0,-0.46107572317123413,-0.7349576950073242,0.8676137596582684,-0.6983967337378844,-0.6989308117545224,-0.0005340780166380732,-0.3006655275821686,-0.29999998211860657
A033,101,stairs_10_down,12,1000,0.982,0.26384329507344495,0.17384648841013883,0.2576751688854903,-0.9729574132561684,-1.0,-0.9490678126539164,0.22809675064215723,0.150024905832323,150,0,0,-0.47036588191986084,-0.1278698444366455,0.4874369292436719,-0.6994657159489106,-0.7000003549504408,-0.0005346390015301683,-0.300884872674942,-0.29999998211860657
A033,101,stairs_10_down,13,1000,0.994,0.2614468764719316,0.16880757461257156,0.24054162875406568,-0.9762486153841019,-1.0,-0.9719426385798857,0.17603974978877884,0.09596662531256142,168,0,0,0.2218881994485855,0.41425275802612305,0.4699358685893054,-0.6967922761478526,-0.7000003243512648,-0.0032080482034122504,-0.3003861606121063,-0.29999998211860657
A033,101,stairs_10_down,14,1000,0.863,0.22381257622605302,0.1513865366976529,0.19996887671898955,-0.9597294952869415,-1.0,-0.9514770531535741,0.32044851672321356,0.3067796145236621,258,0,0,-0.5468848943710327,-0.6799252033233643,0.8725716989483064,-0.6951875941638641,-0.7000002223540117,-0.004812628190147605,-0.3006022572517395,-0.29999998211860657
A033,101,stairs_10_down,15,1000,0.998,0.323643709481081,0.17856132968224303,0.26664837704286626,-0.9560963384509087,-1.0,-0.9747492300337227,0.16123364165242104,0.05957956368184393,235,0,0,-0.6282400488853455,0.7315444946289062,0.9642836235492767,-0.6983960707557393,-0.7000003345509901,-0.0016042637952508043,-0.30044496059417725,-0.29999998211860657
A033,101,stairs_10_down,16,1000,1.0,0.31154325552818607,0.2279062805010036,0.3193256524731052,-0.984845655143261,-1.0,-0.9822966509790563,0.15231991573238815,0.041642226893484874,,0,0,-0.6379226446151733,-0.008417606353759766,0.6379781787879141,-0.7000007425400026,-0.7000002427534624,4.997865401534796e-07,-0.30078214406967163,-0.29999998211860657
A033,101,stairs_10_down,17,1000,0.989,0.31853091321200305,0.15913059861264767,0.3245404577266032,-0.9386786553859711,-1.0,-0.9227649089115769,0.12852598137425408,0.037061947615327814,212,0,0,0.1206855084747076,0.6892719268798828,0.6997576588651997,-0.7000001815551105,-0.6951875635646881,0.004812617990422319,-0.30049967765808105,-0.29999998211860657
A033,101,stairs_10_down,18,1000,0.825,0.23264279146695654,0.14077861878004944,0.19293724522551595,-0.9694334532618523,-1.0,-0.9597864005696121,0.26607026158179475,0.2927749585707006,131,0,0,0.04872018098831177,0.07506871223449707,0.08949283542317556,-0.7000010791309377,-0.7000003039518142,7.75179123446712e-07,-0.30068203806877136,-0.29999998211860657
A033,101,stairs_10_down,19,1000,0.999,0.27380861522018296,0.17994068268148655,0.25806197963886324,-0.9771891409158706,-1.0,-0.972435287871764,0.17172740159208738,0.10642986565074783,182,0,0,-0.34938739240169525,-0.17457938194274902,0.3905758704384699,-0.7000001305564839,-0.7000003549504408,-2.243939568602471e-07,-0.3001343309879303,-0.29999998211860657
A033,101,stairs_10_down,20,1000,0.99,0.29263845828591933,0.16483435672234725,0.267642066908607,-0.9628917338848114,-1.0,-0.9457318729429103,0.21080058134504942,0.05341189346481963,216,0,0,0.2762455642223358,0.20042991638183594,0.3412971771540843,-0.6941187649487174,-0.7000003243512648,-0.0058815594025474205,-0.3001450300216675,-0.29999998211860657
A033,101,stairs_10_down,21,1000,1.0,0.2656089064517121,0.21418340607760422,0.25445822895082243,-0.9934428480863571,-1.0,-0.9933085987223914,0.14995041235103318,0.08843875310493518,,0,0,0.0554952472448349,-0.7504591941833496,0.7525082887258371,-0.7000001815551105,-0.7000003039518142,-1.2239670377223177e-07,-0.30042019486427307,-0.29999998211860657
A033,101,stairs_10_down,22,1000,0.585,0.21523999469555946,0.11964664405042474,0.15242576329499158,-0.9606373655200005,-1.0,-0.9282294719373408,0.2497520104072702,0.18361360791709608,182,0,0,0.47432203590869904,-0.3073296546936035,0.565183961558237,-0.7000000693581321,-0.6967918681588402,0.0032082011992918824,-0.30059489607810974,-0.29999998211860657
A033,101,stairs_10_down,23,1000,0.995,0.2947321551625223,0.1741127252259994,0.30926946856504295,-0.9703228773474694,-1.0,-0.9597748417166335,0.14091056753063463,0.037657014044556965,138,0,0,0.06533917784690857,-0.43007373809814453,0.4350087681454494,-0.6978616663478913,-0.6967919191574667,0.0010697471904245193,-0.30039888620376587,-0.29999998211860657
A033,101,stairs_10_down,24,1000,0.954,0.24688369153566755,0.16111183644616028,0.23942664332422228,-0.9782954722642898,-1.0,-0.9682630247144557,0.2280656755868894,0.09413602354648824,113,0,0,-0.7398161292076111,0.06646728515625,0.7427959376785626,-0.6962581369328626,-0.6941184079583316,0.0021397289745310744,-0.3006293773651123,-0.29999998211860657
A033,101,stairs_10_down,25,1000,0.933,0.26724210226519884,0.14910723101646506,0.25716367361749304,-0.9762861281633377,-1.0,-0.9617718114188655,0.20642359465818066,0.04313176168813962,208,0,0,-0.8490555584430695,0.30057716369628906,0.9006897205246535,-0.6946536589433803,-0.7000008139380797,-0.005347154994699399,-0.3005332052707672,-0.29999998211860657
A033,101,stairs_10_down,26,1000,0.93,0.24019143659497968,0.13433651554393256,0.23598691730312527,-0.9717894866466522,-1.0,-0.9564759808393261,0.17336574844058897,0.11575772363804868,161,0,0,0.16739021241664886,0.18519210815429688,0.2496309278425324,-0.7000009669339593,-0.6994661035384724,0.0005348633954869175,-0.3009062111377716,-0.29999998211860657
A033,101,stairs_10_down,27,1000,0.884,0.24966015321478469,0.1113951501043085,0.2520039140326568,-0.891530649125576,-1.0,-0.5359255582539003,0.215003457488096,0.23727385893015907,172,1,1,-0.6033927798271179,0.9498672485351562,1.1253135725597756,-0.6946531387573895,-0.649733324101902,0.044919814655487555,-0.3011719882488251,-0.3497103750705719
A033,101,stairs_10_down,28,1000,0.983,0.25856258757571826,0.16650379676232363,0.2549188656190649,-0.9821204413175583,-1.0,-0.9785428512748794,0.15093239860978902,0.059879697523907156,130,0,0,0.5550248026847839,0.12157535552978516,0.5681840359139607,-0.7000009057356075,-0.6973270375460865,0.002673868189520978,-0.30069175362586975,-0.29999998211860657
A033,101,stairs_10_down,29,1000,1.0,0.2559571043715119,0.19952298390036594,0.2608655258629814,-0.9785875760316849,-1.0,-0.9762011929531003,0.14974502160582093,0.04098675537087595,,0,0,0.41589614748954773,-0.2148151397705078,0.4680973721046407,-0.6967922659481273,-0.7000008037383544,-0.0032085377902271173,-0.3007355034351349,-0.29999998211860657
A033,101,stairs_10_down,30,1000,0.979,0.29807127163013325,0.15281883300466334,0.3171226371904387,-0.9715992159843445,-1.0,-0.9344743872756389,0.25542018920323545,0.05312191902562327,580,0,0,0.1581408977508545,-0.05361461639404297,0.16698224645909696,-0.7000006711419253,-0.7000008139380797,-1.4279615434542592e-07,-0.30031442642211914,-0.29999998211860657
A033,101,stairs_10_down,31,1000,0.99,0.2999958876451481,0.16613560054391463,0.31157152395035664,-0.9846424408555031,-1.0,-0.990127612109208,0.2768152425628846,0.22170963986165304,157,0,0,-0.5694112777709961,-0.5609035491943359,0.7992759190364748,-0.7000010077328606,-0.6978618703423974,0.0021391373904631195,-0.3005249500274658,-0.29999998211860657
A033,202,stairs_10_down,0,1000,0.901,0.2230252523973665,0.15087438904665373,0.2358077597100505,-0.9519543132185936,-1.0,-0.966005000012431,0.17434256796051495,0.2212949349880012,99,0,0,0.289054200053215,-0.8245573043823242,0.8737545872718775,-0.696792949329723,-0.6967923271464792,6.22183243814689e-07,-0.301044225692749,-0.29999998211860657
A033,202,stairs_10_down,1,1000,0.989,0.2793445622071542,0.16046200047202286,0.29932777592618204,-0.9568530120253563,-1.0,-0.928582356343815,0.19557527743447886,0.09679690852142075,103,0,0,-0.8012184500694275,-0.047736167907714844,0.8026392380504265,-0.6930489055613146,-0.698931291141612,-0.005882385580297411,-0.3007122278213501,-0.29999998211860657
A033,202,stairs_10_down,2,1000,0.993,0.27381284896828,0.1738626572856291,0.26636869739084473,-0.9906142578721047,-1.0,-0.9849503259753707,0.20610801244406465,0.07190223893709427,222,0,0,-0.05020621418952942,-0.11389636993408203,0.12447106903777347,-0.6973271395433396,-0.6951879409545245,0.002139198588815061,-0.30033424496650696,-0.29999998211860657
A033,202,stairs_10_down,3,1000,0.995,0.3275717203617095,0.1750339531006022,0.3341041698171353,-0.9412995479106903,-1.0,-0.9245323268928338,0.10852449865594721,0.041753833503034514,155,0,0,-0.3247312307357788,0.11696147918701172,0.3451526616278475,-0.7000007425400026,-0.6951880123526017,0.004812730187400804,-0.300588458776474,-0.29999998211860657
A033,202,stairs_10_down,4,1000,0.999,0.2714270048382125,0.17991513332581133,0.2718357131660966,-0.9812660336494445,-1.0,-0.9800564130740379,0.17564445838765189,0.07156049355462898,221,0,0,0.40829184651374817,-0.8961524963378906,0.9847799391855213,-0.6973270171466358,-0.6946532101554667,0.0026738069911691476,-0.3007758855819702,-0.29999998211860657
A033,202,stairs_10_down,5,1000,1.0,0.3244714005046694,0.2066574517418357,0.365670556974458,-0.9858926418423652,-1.0,-0.9884361675129602,0.3922405576502481,0.4780045969623827,,0,0,-0.6741285920143127,-0.06786632537841797,0.6775361220566539,-0.6994659505425928,-0.6983965093439276,0.0010694411986651442,-0.3004741966724396,-0.29999998211860657
A033,202,stairs_10_down,6,1000,0.538,0.1966423140130741,0.08206195691052603,0.10290160137939668,-0.9117190751433373,-1.0,-0.8436079413736638,0.12572891644990816,0.014419990358102163,156,0,0,0.039617955684661865,-0.32782649993896484,0.33021174490751226,-0.699466225935176,-0.7000009159353328,-0.0005346900001567123,-0.3003515601158142,-0.29999998211860657
A033,202,stairs_10_down,7,1000,0.95,0.26296644099670263,0.15430410724272703,0.31082743742956487,-0.9617620792388916,-1.0,-0.9165795039181686,0.14086686859746153,0.024931421441070238,192,0,0,-0.802162766456604,0.10033893585205078,0.8084138828206962,-0.6983971111277208,-0.6978617377459684,0.0005353733817524686,-0.30040836334228516,-0.29999998211860657
A033,202,stairs_10_down,8,1000,0.923,0.2591111726850974,0.1562539841083282,0.26540968860957825,-0.9757413937449455,-1.0,-0.9565897254801509,0.23273529089666434,0.06380248872801299,183,0,0,0.06150147318840027,0.1125020980834961,0.1282152614844742,-0.7000007323402772,-0.7000005385454964,1.9379478077841128e-07,-0.30091026425361633,-0.29999998211860657
A033,202,stairs_10_down,9,1000,1.0,0.26950877274903495,0.1808573367761418,0.2868005032800165,-0.9795579243302345,-1.0,-0.9753731391323146,0.15841016334102265,0.0399742803104272,,0,0,-0.10771989822387695,0.6790096759796143,0.6875010665790295,-0.7000003447507155,-0.6962571373597823,0.0037432073909331454,-0.3005678355693817,-0.29999998211860657
A033,202,stairs_10_down,10,1000,0.977,0.30524234547370444,0.15762597896198538,0.3114228412583496,-0.9882336648106576,-1.0,-0.9868728017332542,0.1759888716406245,0.05472665436317366,220,0,0,0.31701064854860306,0.29059791564941406,0.4300498806801252,-0.7000004365482432,-0.6962570863611558,0.0037433501870873798,-0.3006233870983124,-0.29999998211860657
A033,202,stairs_10_down,11,1000,0.866,0.240878705195166,0.13588114505145643,0.2215276175336496,-0.9749854791760445,-1.0,-0.9713948487642392,0.21492155280999709,0.10737125963120515,207,0,0,0.898024708032608,-0.284804105758667,0.942104959595291,-0.6967920313544452,-0.697861360356132,-0.0010693290016867696,-0.3006226122379303,-0.29999998211860657
A033,202,stairs_10_down,12,1000,0.33,0.1780443110497879,0.11014495670476698,0.11542460166735938,-0.9466313723325729,-1.0,-0.9200340165427668,0.16126431027733854,0.016441996352018602,254,0,0,-0.1667841672897339,0.4584944248199463,0.4878873804983106,-0.6967917151629606,-0.7000003651501661,-0.003208649987205492,-0.3008672297000885,-0.29999998211860657
A033,202,stairs_10_down,13,1000,0.411,0.19506922223207782,0.1120510150723279,0.11741596134464989,-0.9362131583690644,-1.0,-0.8989271245785614,0.1477081826863199,0.019903234357833748,205,0,0,-0.45362454652786255,-0.02060556411743164,0.4540923017242271,-0.700000558944947,-0.700000528345771,3.059917597081352e-08,-0.3003543019294739,-0.29999998211860657
A033,202,stairs_10_down,14,1000,0.96,0.30472718799863235,0.16472178777271418,0.3264331543564838,-0.9494572225809097,-1.0,-0.9247327061434883,0.13281510488688936,0.03825419774990863,176,0,0,-0.3309154510498047,0.09665775299072266,0.34474303032361836,-0.700000528345771,-0.7000004365482432,9.179752780141825e-08,-0.3008958101272583,-0.29999998211860657
A033,202,stairs_10_down,15,1000,0.961,0.2659806832881534,0.14407884851496489,0.24611710672277112,-0.9770381483435631,-1.0,-0.9739276657057045,0.1887304484035082,0.11995997267849487,209,0,0,-0.4535562163218856,-0.11823463439941406,0.46871384675064615,-0.6978611563616258,-0.6925137769729696,0.005347379388656259,-0.30070629715919495,-0.29999998211860657
A033,202,stairs_10_down,16,1000,1.0,0.3466639728942181,0.18481980272155396,0.3779474963797605,-0.9293593566417694,-1.0,-0.9035935369297047,0.11879338913946802,0.028093214928870295,,0,0,0.11022001504898071,0.35864973068237305,0.37520405253133426,-0.7000002019545611,-0.696791827359939,0.0032083745946220876,-0.30016523599624634,-0.29999998211860657
A033,202,stairs_10_down,17,1000,0.993,0.26183159734667316,0.16559174513434344,0.2593278344957973,-0.9681438059210777,-1.0,-0.9499434179334498,0.15787597318001514,0.043647526368366635,310,0,0,-0.4396938383579254,-0.371415376663208,0.5755693298915415,-0.7000011505290149,-0.7000003753498913,7.751791235577343e-07,-0.30033478140830994,-0.29999998211860657
A033,202,stairs_10_down,18,1000,0.967,0.32518966008292527,0.15163337005013455,0.3390151194423912,-0.9420617462396622,-1.0,-0.9255790790515159,0.13142590630473708,0.04824207149013769,167,0,0,-0.24640771001577377,-0.23673152923583984,0.3416995412486779,-0.7000003855496166,-0.6994656139516575,0.0005347715979591161,-0.30062317848205566,-0.29999998211860657
A033,202,stairs_10_down,19,1000,1.0,0.2802035462817247,0.1966378854557792,0.27030965506096466,-0.9799173236489296,-1.0,-0.9796091036416998,0.20500895380345194,0.1686546684115036,,0,0,-0.4976664334535599,-0.3959829807281494,0.6359830186512345,-0.7000007833389037,-0.6994656241513828,0.000535159187520895,-0.3006261885166168,-0.29999998211860657
A033,202,stairs_10_down,20,1000,0.971,0.2741448542734283,0.09495228783969578,0.2515763949014023,-0.9673414766788483,-1.0,-0.9874219497044882,0.3271273639080807,0.3377890468487995,194,1,1,1.8952886164188385,-2.0905346870422363,2.8217820995345506,-0.6994663075329786,-0.34438493290049504,0.3550813746324835,-0.3005392253398895,-0.14379192888736725
A033,202,stairs_10_down,21,1000,0.644,0.2337014823709339,0.11060965403834766,0.116699993718215,-0.9499988360404968,-1.0,-0.8768540718662206,0.1801111424229274,0.015224317383528486,318,0,0,-0.13277572393417358,-0.5905265808105469,0.605269390858351,-0.6967927045363156,-0.6994656751500093,-0.002672970613693759,-0.30009743571281433,-0.29999998211860657
A033,202,stairs_10_down,22,1000,0.912,0.21743438094965922,0.1510212246109458,0.20074296472798064,-0.9892949137687683,-1.0,-0.9901210760595787,0.20920647179744398,0.21978077703734028,110,0,0,0.07173874974250793,0.7231652736663818,0.726714841771923,-0.6973264153628426,-0.7000003753498913,-0.0026739599870487796,-0.3008362054824829,-0.29999998211860657
A033,202,stairs_10_down,23,1000,0.297,0.16716676531078653,0.10659844368536842,0.11311694189157237,-0.930084834754467,-1.0,-0.9050354050166571,0.13060655142483454,0.016915438234055856,178,0,0,-0.33879321813583374,0.13642406463623047,0.36522920210014015,-0.7000011811281908,-0.7000003141515395,8.669766512481303e-07,-0.30050864815711975,-0.29999998211860657
A033,202,stairs_10_down,24,1000,0.991,0.26587012560729356,0.1667252235552844,0.25549955215823145,-0.9942110216617585,-1.0,-0.9950465616302111,0.14408185357769182,0.06858094310461386,187,0,0,0.8636850118637085,-0.08655452728271484,0.8680112245306212,-0.6957226921530331,-0.698931321740788,-0.0032086295877549187,-0.30020421743392944,-0.29999998211860657
A033,202,stairs_10_down,25,1000,0.529,0.21141135694955074,0.13199186086017178,0.1645490922321011,-0.6284114094376564,-1.0,0.03757439205302528,0.155969325851814,0.008491979665858079,178,0,0,0.13561877608299255,-0.5298585891723633,0.5469392808584661,-0.6967923067470285,-0.6989313013413373,-0.002138994594308774,-0.30052125453948975,-0.29999998211860657
A033,202,stairs_10_down,26,1000,1.0,0.2772998845119846,0.1910366879746238,0.2779883751989848,-0.9808827155828476,-1.0,-0.976501101878152,0.13275329793493712,0.0544944743542742,,0,0,0.3340918719768524,0.5904483795166016,0.678414819851968,-0.7000011505290149,-0.7000008955358822,2.549931327200383e-07,-0.30068913102149963,-0.29999998211860657
A033,202,stairs_10_down,27,1000,0.988,0.28758795829189016,0.14496020709767066,0.27971175794041725,-0.9862921682596206,-1.0,-0.9850767121386172,0.1395136590968142,0.026035756022844643,215,0,0,0.23668128438293934,0.9297456741333008,0.959398274413053,-0.6962576269465972,-0.6978618193437709,-0.0016041923971736871,-0.3006986081600189,-0.29999998211860657
A033,202,stairs_10_down,28,1000,0.992,0.2726180187310766,0.17376138230058596,0.2712979875515873,-0.9821908596754074,-1.0,-0.9805733119670431,0.19159702514584215,0.14414553432933788,322,0,0,0.4057263135910034,-0.49863719940185547,0.6428474921530541,-0.6994660627395711,-0.6935836669595484,0.005882395780022698,-0.30023840069770813,-0.29999998211860657
A033,202,stairs_10_down,29,1000,0.995,0.27206873113968816,0.17533090949696017,0.25491003572186,-0.9694082033634186,-1.0,-0.9634992480278015,0.15247508212909733,0.048764275604069866,150,0,0,-0.3871600031852722,0.7389631271362305,0.8342417942859113,-0.7000006099435735,-0.7000007527397278,-1.4279615434542592e-07,-0.3002484440803528,-0.29999998211860657
A033,202,stairs_10_down,30,1000,0.537,0.21585955801554352,0.14959926592474954,0.1569861319220056,-0.9514488444328308,-1.0,-0.8996378518455658,0.16249451550592123,0.029670532077290403,159,0,0,-0.6428015530109406,-0.2406482696533203,0.6863712014940707,-0.7000010587314871,-0.6962574739507176,0.0037435847807695266,-0.30050891637802124,-0.29999998211860657
A033,202,stairs_10_down,31,1000,0.878,0.25396703226744805,0.09835322559836074,0.2450887040705211,-0.917310789167881,-1.0,-0.9726808880692097,0.2969865624863175,0.220492790120765,285,1,1,-1.2303018271923065,-0.18552875518798828,1.2442120016276699,-0.6967921537511489,-0.5433159690489744,0.1534761847021745,-0.3006485104560852,-0.28001534938812256
A033,303,stairs_10_down,0,1000,0.986,0.3211747261818922,0.16272333375910386,0.3613133152127329,-0.9523352017402649,-1.0,-0.9126537975980274,0.20305583348159076,0.03161404640502717,283,0,0,0.3102434277534485,0.05833911895751953,0.31568091051716896,-0.7000008751364315,-0.7000008751364315,0.0,-0.3001333773136139,-0.29999998211860657
A033,303,stairs_10_down,1,1000,0.468,0.18575387301018817,0.09340131489988318,0.09913333429690988,-0.9086142169237137,-1.0,-0.8458868457903317,0.17738082697200425,0.013333362233506158,430,0,0,-0.1718609780073166,0.49100494384765625,0.5202134664197683,-0.7000008139380797,-0.6967922659481273,0.003208547989952404,-0.30027633905410767,-0.29999998211860657
A033,303,stairs_10_down,2,1000,0.636,0.23836002864007294,0.13700730963186786,0.14357043645230771,-0.9570581410527229,-1.0,-0.9096823554133895,0.1726048262506397,0.019161700214726476,605,0,0,0.5234608352184296,-0.26039981842041016,0.5846531548199825,-0.7000007017411013,-0.6978617377459684,0.0021389639951329142,-0.3003450930118561,-0.29999998211860657
A033,303,stairs_10_down,3,1000,0.657,0.24749263573758204,0.12609768106806327,0.13788642029094847,-0.9590971978902817,-1.0,-0.899115432257676,0.2307065829830911,0.01954431683589687,647,0,0,-0.4178917109966278,0.24874496459960938,0.48632040830439144,-0.7000007119408266,-0.6957228247494621,0.00427788719136446,-0.30058789253234863,-0.29999998211860657
A033,303,stairs_10_down,4,1000,0.777,0.26476824867706916,0.1427250165830959,0.290048586931876,-0.9723835175037384,-1.0,-0.9648306363850684,0.2291590664118591,0.23110032990032378,513,0,0,-0.18037807941436768,-0.43444347381591797,0.4704013004599989,-0.6962573821531898,-0.6978617887445949,-0.0016044065914051497,-0.30030331015586853,-0.29999998211860657
A033,303,stairs_10_down,5,1000,0.903,0.2473712722485793,0.11533532423131604,0.19500117260278563,-0.9588225973248482,-1.0,-0.9299008801801881,0.19037372658835258,0.1451367882115455,275,0,0,0.7664299607276917,-0.09239864349365234,0.7719795295346361,-0.6989320867201861,-0.6951879919531511,0.0037440947670350777,-0.30028194189071655,-0.29999998211860657
A033,303,stairs_10_down,6,1000,0.314,0.18976926066626837,0.1077187322677775,0.13222641525779935,-0.9405544384121894,-1.0,-0.911285991988965,0.2291812062522016,0.14622376347377833,184,0,0,-0.09689071774482727,0.48595428466796875,0.4955193013115281,-0.7000012729257186,-0.7000008751364315,3.9778928706546424e-07,-0.30038711428642273,-0.29999998211860657
A033,303,stairs_10_down,7,1000,0.969,0.30603497295954135,0.08779385016563745,0.2764619427136251,-0.9294406938552856,-1.0,-0.9763304783930233,0.3268777434923731,0.1870867032692723,443,1,1,1.2832522690296173,-1.6084203720092773,2.057608436769281,-0.6978617887445949,-0.41497324367258,0.28288854507201494,-0.3000376224517822,-0.1150602474808693
A033,303,stairs_10_down,8,1000,0.992,0.33395153038402897,0.1738592312935202,0.3591460982526351,-0.9432043455243111,-1.0,-0.9246173299367155,0.1054710945002887,0.04808637665266578,129,0,0,-0.3345022052526474,-0.2860240936279297,0.44011533426428456,-0.6946529449626087,-0.7000003753498913,-0.005347430387282692,-0.30030232667922974,-0.29999998211860657
A033,303,stairs_10_down,9,1000,0.976,0.2783747556011948,0.15629502381870453,0.28417522666591455,-0.9694792485237121,-1.0,-0.9402049652379544,0.17118710764991327,0.04164109001273717,297,0,0,-0.06606195867061615,-0.058974266052246094,0.0885558944384805,-0.7000005895441229,-0.7000004977465951,9.179752780141825e-08,-0.3007056713104248,-0.29999998211860657
A033,303,stairs_10_down,10,1000,0.998,0.313750838370326,0.17819297568683323,0.32027629050933015,-0.9778523683547974,-1.0,-0.973044056204421,0.09890494311662093,0.037174115667245926,149,0,0,-0.13064110279083252,0.5780849456787109,0.5926628908230741,-0.6962573617537391,-0.6983961013549151,-0.002138739601176054,-0.30072012543678284,-0.29999998211860657
A033,303,stairs_10_down,11,1000,0.985,0.25925833858119335,0.1736190538992856,0.26263374168373566,-0.9809586921930313,-1.0,-0.9835191561808041,0.1867008054863904,0.10205319763099571,319,0,0,-0.07135847210884094,-0.0332493782043457,0.07872453678926189,-0.6994655323538551,-0.6994656241513828,-9.179752769039595e-08,-0.3009752631187439,-0.29999998211860657
A033,303,stairs_10_down,12,1000,0.987,0.2697417001229399,0.1678634534545123,0.27135453410717214,-0.9796478773355484,-1.0,-0.9782379082779387,0.19215155734111541,0.08806044461513257,196,0,0,-0.19679653644561768,0.28182196617126465,0.3437331775863784,-0.7000012627259933,-0.6973266091576235,0.0026746535683698225,-0.3002864718437195,-0.29999998211860657
A033,303,stairs_10_down,13,1000,0.976,0.23283779160048892,0.17116006874145673,0.20623769470600453,-0.9893328751921654,-1.0,-0.9911344709681041,0.2253596373340677,0.18396851525993854,171,0,0,0.4479796588420868,-0.045957326889038086,0.45033082354093684,-0.7000000591584068,-0.7000003651501661,-3.05991759264046e-07,-0.300165593624115,-0.29999998211860657
A033,303,stairs_10_down,14,1000,0.91,0.2673627693222407,0.12086088676503637,0.22984587946044865,-0.9479153749942779,-1.0,-0.9667376558579023,0.3357912181693399,0.27017720178746074,185,1,1,1.9962113499641418,1.6547563076019287,2.592889930420115,-0.6946526185713987,-0.5112299587637346,0.18342265980766415,-0.3007236123085022,-0.2647857666015625
A033,303,stairs_10_down,15,1000,0.993,0.2659842238078781,0.17143893719994452,0.266902143557137,-0.9840785541534424,-1.0,-0.9826418360074362,0.19613069837299224,0.18518123752634033,159,0,0,0.1715964525938034,-0.6731207370758057,0.6946487380138636,-0.7000006405427495,-0.6973265173600957,0.002674123182653809,-0.30061033368110657,-0.29999998211860657
A033,303,stairs_10_down,16,1000,0.995,0.27318516819020994,0.17521617278695745,0.2560981084958187,-0.9736188910007477,-1.0,-0.97490985180015,0.23408738746510022,0.1508985322075642,367,0,0,-0.6987423747777939,-0.06605243682861328,0.7018574148080997,-0.7000013341240704,-0.6941180407682205,0.005883293355849917,-0.30050820112228394,-0.29999998211860657
A033,303,stairs_10_down,17,1000,0.989,0.27540551722503864,0.16276724038914558,0.25640751601477035,-0.9671625198125839,-1.0,-0.9544162679074416,0.19554629300627807,0.03912063771910424,212,0,0,0.5077572762966156,-0.21386241912841797,0.5509578803752758,-0.6978618091440456,-0.6967917967607631,0.001070012383282526,-0.3005315661430359,-0.29999998211860657
A033,303,stairs_10_down,18,1000,0.989,0.25392498224224824,0.1591262614982013,0.26760106157250174,-0.9801732322573662,-1.0,-0.9827696028633497,0.18492728829481456,0.12775822816308308,99,0,0,0.7283095717430115,-0.24954819679260254,0.7698760515920262,-0.6930489259607652,-0.7000003345509901,-0.006951408590224917,-0.3005591928958893,-0.29999998211860657
A033,303,stairs_10_down,19,1000,0.317,0.16889453373020671,0.10674782854350495,0.1189422522709604,-0.9327130420207977,-1.0,-0.9112058290794715,0.13682394140006604,0.014030965380964615,219,0,0,-0.3227718472480774,0.332012414932251,0.4630484953491172,-0.7000004773471444,-0.7000004671474191,1.0199725286597072e-08,-0.3006877899169922,-0.29999998211860657
A033,303,stairs_10_down,20,1000,0.855,0.22216709439010163,0.1571735204222368,0.24075972741011797,-0.9741077262759209,-1.0,-0.9871786488822444,0.19561725819297313,0.12821592364260473,104,0,0,0.35206232219934464,0.5043039321899414,0.6150368564034453,-0.6941183773591557,-0.6967920925527971,-0.002673715193641346,-0.3009468913078308,-0.29999998211860657
A033,303,stairs_10_down,21,1000,0.431,0.20493100483157753,0.11752992629367398,0.12369137252163968,-0.9322874366641044,-1.0,-0.8837733488177779,0.15512871682854484,0.01576703139164027,271,0,0,-0.3189559727907181,-0.650949239730835,0.7248915955403438,-0.7000005895441229,-0.6994654915549539,0.0005350979891690644,-0.30038776993751526,-0.29999998211860657
A033,303,stairs_10_down,22,1000,0.976,0.2691777628725546,0.15283830360295303,0.2560224925898134,-0.9759334447383881,-1.0,-0.9722544378902188,0.2039289691429145,0.09402971744088523,240,0,0,-0.18645507097244263,-0.053209781646728516,0.1938988766193119,-0.6983965093439276,-0.6983961625532671,3.4679066052145657e-07,-0.30014896392822266,-0.29999998211860657
A033,303,stairs_10_down,23,1000,0.467,0.20867239267287377,0.131672790184378,0.15051096571651945,-0.9504691611528396,-1.0,-0.9282773623419045,0.26033978299052496,0.08604149691272123,204,0,0,-0.18691424652934074,0.29660987854003906,0.3505914368651463,-0.7000004365482432,-0.6983959993576621,0.0016044371905811206,-0.3002983331680298,-0.29999998211860657
A033,303,stairs_10_down,24,1000,1.0,0.28787872085907557,0.18292802285383092,0.30540188823496794,-0.9905805429220199,-1.0,-0.9927950403583583,0.12668361464550149,0.050530463339016514,,0,0,0.03217962384223938,-0.02611064910888672,0.04144024840074475,-0.6951880327520523,-0.6994660423401206,-0.004278009588068232,-0.3001023530960083,-0.29999998211860657
A033,303,stairs_10_down,25,1000,0.993,0.3041578217089013,0.1740331385224898,0.31279813300214715,-0.9832386829853058,-1.0,-0.9786680646203644,0.14288567458830662,0.026591400058527226,183,0,0,0.41014227271080017,0.26068973541259766,0.4859792403116316,-0.700000558944947,-0.7000008445372556,-2.8559230869085184e-07,-0.3003929853439331,-0.29999998211860657
A033,303,stairs_10_down,26,1000,0.28,0.15966790853424798,0.09225632800137934,0.10114450092615324,-0.9155780899524689,-1.0,-0.8836541410109297,0.13217052934172158,0.016909860579167834,276,0,0,0.11954605579376221,0.012502670288085938,0.12019807078392687,-0.699465960742318,-0.7000007935386291,-0.0005348327963110577,-0.3007739186286926,-0.29999998211860657
A033,303,stairs_10_down,27,1000,0.98,0.23960911087262338,0.16574678382771535,0.23105920803344457,-0.981033421754837,-1.0,-0.9781528714284375,0.20721252544736696,0.09399506286890486,120,0,0,0.2935316786170006,0.7738122940063477,0.8276148335470314,-0.7000013647232464,-0.700000824137805,5.405854414108902e-07,-0.30070760846138,-0.29999998211860657
A033,303,stairs_10_down,28,1000,1.0,0.282610011084354,0.20189939383516975,0.2785944003748279,-0.9827951540350914,-1.0,-0.9814665338293237,0.13614118342373557,0.05300555966465136,,0,0,-0.6879671216011047,-0.4322652816772461,0.8124974056251615,-0.6994661137381977,-0.6951879511542499,0.004278162583947753,-0.3008034825325012,-0.29999998211860657
A033,303,stairs_10_down,29,1000,0.974,0.27837965488872896,0.15761461304152075,0.25247950827825827,-0.9895474214553833,-1.0,-0.9981387740937039,0.21675525342955243,0.06269788278702479,518,0,0,-0.1004689484834671,-0.6753978729248047,0.6828296246947142,-0.7000008139380797,-0.6978618193437709,0.002138994594308774,-0.30057477951049805,-0.29999998211860657
A033,303,stairs_10_down,30,1000,0.336,0.17333435716999973,0.10499913894875162,0.11131097768549178,-0.9279429130554199,-1.0,-0.8955926337645421,0.14435113281452305,0.016635183872400466,243,0,0,0.017904505133628845,-0.8938674926757812,0.8940467917097896,-0.6967923577456551,-0.6967922761478526,8.159780251482118e-08,-0.30077701807022095,-0.29999998211860657
A033,303,stairs_10_down,31,1000,0.866,0.242944577378226,0.10046402639883723,0.260453564205481,-0.9444976436495781,-1.0,-0.8425510157993183,0.21178460934741475,0.3115596822506994,135,1,1,-0.33370938897132874,1.0658092498779297,1.116830924273219,-0.7000014055221476,-0.5411765766653786,0.15882482885676907,-0.30096301436424255,-0.333076536655426
A038,101,stairs_10_down,0,1000,0.42,0.19859238160676485,0.03365890673775085,0.1292942156583823,-0.9092176704406738,-1.0,-0.961730064444281,0.1795939882644137,0.04223186844815487,162,1,1,1.8954485058784485,1.3161449432373047,2.307588037333781,-0.6973275781315278,-0.5358294420701297,0.16149813606139807,-0.30086636543273926,-0.4054814279079437
A038,101,stairs_10_down,1,1000,0.692,0.19179807048318837,0.13341805020118147,0.18398034124698268,-0.9832468541860581,-1.0,-0.9867703552862898,0.07211301763061984,0.013782521039213902,65,0,0,-0.4264897406101227,-0.39764881134033203,0.5831106893258506,-0.6962580961339614,-0.7000008139380797,-0.0037427178041182785,-0.3007723391056061,-0.29999998211860657
A038,101,stairs_10_down,2,1000,0.247,0.1690170560131735,0.12457149137150159,0.13401890089081997,-0.9823416454195977,-1.0,-0.9787619938304768,0.1176193662097419,0.013364737983869435,200,0,0,-0.41746625304222107,0.6907663345336914,0.8071159776353232,-0.6983964787447516,-0.7000007629394531,-0.0016042841947014885,-0.30079689621925354,-0.29999998211860657
A038,101,stairs_10_down,3,1000,0.851,0.2094823038251323,0.12861294223663,0.1945091325591567,-0.9867313723564148,-1.0,-0.9886636419675836,0.08367707033842382,0.12627982982690317,169,0,0,-0.12326690554618835,0.32111072540283203,0.34395759618253224,-0.7000014361213235,-0.700000824137805,6.11983518528092e-07,-0.30058178305625916,-0.29999998211860657
A038,101,stairs_10_down,4,1000,0.186,0.19304395143042247,0.1360546662845713,0.17501926992285688,-0.9874285169839859,-1.0,-0.9869942321113093,0.0826272995564279,0.012335939851772355,186,0,0,0.253689706325531,0.12305164337158203,0.28195775221117997,-0.7000008139380797,-0.7000008547369809,-4.079890125741059e-08,-0.3008614480495453,-0.29999998211860657
A038,101,stairs_10_down,5,1000,0.377,0.1991265039573058,0.13173299167245467,0.15426202543742112,-0.9838205446600914,-1.0,-0.9827057989082526,0.11401453491990686,0.015762787867662314,242,0,0,-0.353836789727211,0.17948150634765625,0.39675443902404206,-0.70000148711995,-0.7000008649367062,6.22183243814689e-07,-0.3004254102706909,-0.29999998211860657
A038,101,stairs_10_down,6,1000,0.403,0.20181888184923522,0.12480261603141218,0.13307823556842227,-0.9809397900104523,-1.0,-0.9675363299265429,0.14189481679959895,0.024869704109945073,353,0,0,0.26433512568473816,0.8262319564819336,0.8674861984969733,-0.6962574943501681,-0.7000009057356075,-0.0037434113854393214,-0.3008876442909241,-0.29999998211860657
A038,101,stairs_10_down,7,1000,0.402,0.19158695538636822,0.12467820790999717,0.12666254964741794,-0.7729059851169586,-1.0,-0.5276613016033647,0.1292024538423433,0.008042555441868715,276,0,0,-0.27946075052022934,-0.7704916000366211,0.8196069892383314,-0.6941191831374551,-0.7000008037383544,-0.005881620600899251,-0.30066344141960144,-0.29999998211860657
A038,101,stairs_10_down,8,1000,0.43,0.20775521392490778,0.1477390137266985,0.16813695309285004,-0.9778413603305817,-1.0,-0.9657739967256043,0.11045795654426345,0.01813993609393366,217,0,0,0.1405014544725418,0.4013664722442627,0.4252478145160822,-0.700000956734234,-0.6967918885582909,0.0032090681759431305,-0.30077415704727173,-0.29999998211860657
A038,101,stairs_10_down,9,1000,0.536,0.22552736133878898,0.13187895595708632,0.16958101831433442,-0.9495455886125564,-1.0,-0.8735248120269965,0.11519267236474064,0.016308486252715894,322,0,0,0.013180308043956757,-0.08839082717895508,0.0893681086826475,-0.7000003447507155,-0.6973264561617438,0.0026738885889716624,-0.3006674647331238,-0.29999998211860657
A038,101,stairs_10_down,10,1000,0.264,0.17401722315416002,0.1263819580728357,0.1328777426832814,-0.9826313380599022,-1.0,-0.9773337731313942,0.12998025489726026,0.01566137171353405,231,0,0,0.47228291630744934,0.14504313468933105,0.49405330072409864,-0.693583656759823,-0.6983960707557393,-0.004812413995916254,-0.30111488699913025,-0.29999998211860657
A038,101,stairs_10_down,11,1000,0.298,0.1815530984742756,0.1302955435877815,0.15867190452982227,-0.9279538449048996,-1.0,-0.8347968512506627,0.08023567030596505,0.014504864254390112,116,0,0,-0.5132607221603394,-0.3040781021118164,0.5965736007371406,-0.6983961727529924,-0.7000004875468698,-0.0016043147938774593,-0.3009352684020996,-0.29999998211860657
A038,101,stairs_10_down,12,1000,0.279,0.1631239868901311,0.11910950053821912,0.12118635081323853,-0.7230031524300575,-1.0,-0.5281926523986741,0.0877862544106861,0.007698529514833299,139,0,0,-0.447732537984848,-0.41463422775268555,0.6102343553049265,-0.6994654405563273,-0.6989308117545224,0.0005346288018048817,-0.3010585904121399,-0.29999998211860657
A038,101,stairs_10_down,13,1000,0.187,0.15875410378122748,0.11487552125186207,0.12610553623460494,-0.8073621338009834,-1.0,-0.6740682329704513,0.08221732501482092,0.015849112073057062,172,0,0,-5.7369470596313477e-05,0.35732030868530273,0.357320313290773,-0.6967922455486767,-0.7000003549504408,-0.003208109401764081,-0.30083370208740234,-0.29999998211860657
A038,101,stairs_10_down,14,1000,0.204,0.15888533259489943,0.11727778398416899,0.12482483724462864,-0.9686164477467537,-1.0,-0.9578584153853839,0.09143812094429515,0.015181500351175475,151,0,0,-0.2854258716106415,-0.5106387138366699,0.584995576268285,-0.6951876043635894,-0.7000003243512648,-0.004812719987675407,-0.3008887469768524,-0.29999998211860657
A038,101,stairs_10_down,15,1000,0.399,0.2007600333835672,0.12246826004217015,0.1263582148527076,-0.8347054562568664,-1.0,-0.5073087153150074,0.11776188444740258,0.007709555207056373,269,0,0,-0.582312673330307,0.04536724090576172,0.5840772517985016,-0.698396193152443,-0.7000002223540117,-0.0016040292015687685,-0.30084338784217834,-0.29999998211860657
A038,101,stairs_10_down,16,1000,0.302,0.17957580095242692,0.12468969327880741,0.1316043544360169,-0.9731853091716767,-1.0,-0.9581476046671322,0.10733806021398312,0.014480420591438127,232,0,0,-0.5635074377059937,0.43016767501831055,0.7089321977316542,-0.7000007425400026,-0.7000004671474191,2.7539258340425476e-07,-0.30121105909347534,-0.29999998211860657
A038,101,stairs_10_down,17,1000,0.442,0.1941097753025629,0.12800035613743377,0.14807980899755352,-0.9420880699157714,-1.0,-0.8571665696243742,0.09215514610838504,0.015444148168833613,171,0,0,-0.3292958177626133,0.2600393295288086,0.41959050096223643,-0.7000001101570333,-0.7000002427534624,-1.3259642905882885e-07,-0.3006367087364197,-0.29999998211860657
A038,101,stairs_10_down,18,1000,0.168,0.15537943523341308,0.11598294447450075,0.12665997930553957,-0.9779638043045997,-1.0,-0.9577935287608436,0.09299938262709667,0.015120772066392002,135,0,0,0.35147780179977417,0.7043159008026123,0.7871451792912134,-0.7000007017411013,-0.6951875635646881,0.0048131381764131564,-0.3008456826210022,-0.29999998211860657
A038,101,stairs_10_down,19,1000,0.223,0.17362465643117783,0.11376365078961781,0.13875699333312758,-0.9281617631912231,-1.0,-0.9256328907772083,0.10697183429050024,0.024898825009524037,223,0,0,-0.2702627331018448,-0.24502229690551758,0.36479839759041516,-0.7000006303430241,-0.7000003039518142,3.263912098372401e-07,-0.30057984590530396,-0.29999998211860657
A038,101,stairs_10_down,20,1000,0.607,0.21211403389617786,0.14213377779180358,0.18401811385705308,-0.9880105162858963,-1.0,-0.9859912804703215,0.09683620090477899,0.015201609201139412,260,0,0,0.17736828327178955,0.05512404441833496,0.18573682506120412,-0.6941182549624519,-0.7000003549504408,-0.005882099987988831,-0.300353080034256,-0.29999998211860657
A038,101,stairs_10_down,21,1000,0.215,0.1664836999746884,0.09249326586723328,0.11815990409403378,-0.15480509042739868,-1.0,0.516477553998653,0.08940811396463225,0.007122926099901357,184,0,0,-0.11431554704904556,-0.1952528953552246,0.22625591139619058,-0.7000010077328606,-0.7000003243512648,6.833815957563161e-07,-0.3007432520389557,-0.29999998211860657
A038,101,stairs_10_down,22,1000,0.194,0.15186415361417796,0.10582741298140053,0.11286268122027407,-0.8079152862429619,-1.0,-0.6500919390080581,0.10219134908581554,0.013540817420337919,180,0,0,0.055834800004959106,-0.32553529739379883,0.3302888958788394,-0.7000011403292896,-0.7000003039518142,8.363774753883391e-07,-0.30088552832603455,-0.29999998211860657
A038,101,stairs_10_down,23,1000,0.167,0.15364669316162397,0.1160544748293525,0.12997020489534516,-0.9738987951278687,-1.0,-0.9751791707911894,0.09005390369843189,0.018031618865555536,124,0,0,0.043661415576934814,-0.811927080154419,0.8131001799890725,-0.69786162554899,-0.6967918681588402,0.0010697573901498059,-0.3008173704147339,-0.29999998211860657
A038,101,stairs_10_down,24,1000,0.245,0.18148357356168368,0.12615148507975005,0.1621716557334794,-0.9560542835593223,-1.0,-0.8629647994515908,0.07795249837903678,0.015139987799112629,106,0,0,0.1817052662372589,0.3406639099121094,0.38609416376702577,-0.6962582287303904,-0.6967923373462045,-0.000534108615814044,-0.301044762134552,-0.29999998211860657
A038,101,stairs_10_down,25,1000,0.409,0.20088847369114943,0.1326911975355709,0.16153279861474096,-0.9456708236336708,-1.0,-0.8386234279295698,0.12422362971438285,0.015787370204969304,222,0,0,-0.9609355628490448,-0.37400150299072266,1.0311519190630107,-0.6946531999557414,-0.6941184079583316,0.0005347919974098003,-0.30075719952583313,-0.29999998211860657
A038,101,stairs_10_down,26,1000,0.224,0.1631892588717097,0.10890012166716834,0.11656098622108878,-0.9740769172906876,-1.0,-0.9553730653886178,0.11718060600994154,0.016468772594001552,179,0,0,-0.48853375017642975,0.4963808059692383,0.6964618651413133,-0.7000009159353328,-0.7000008139380797,1.0199725308801533e-07,-0.3011448085308075,-0.29999998211860657
A038,101,stairs_10_down,27,1000,0.173,0.1535042901494924,0.11468503994737722,0.12156220801805186,-0.970933560192585,-1.0,-0.9545058791910238,0.09990683260559398,0.014123085567589613,143,0,0,0.6607489585876465,0.49141788482666016,0.8234565706837053,-0.6946537813400839,-0.6994661035384724,-0.004812322198388452,-0.3013092577457428,-0.29999998211860657
A038,101,stairs_10_down,28,1000,0.137,0.1876349398984629,0.14134563864233662,0.17710167960081352,-0.9859897599220276,-1.0,-0.9865061984726445,0.06518317033807841,0.01383612639949385,137,0,0,0.5549209713935852,0.1214303970336914,0.5680516048882884,-0.7000008751364315,-0.6973270375460865,0.0026738375903450073,-0.3010421395301819,-0.29999998211860657
A038,101,stairs_10_down,29,1000,0.168,0.15069320230943,0.114107034741876,0.12867087211885955,-0.9854607532024383,-1.0,-0.9879418202300569,0.0834181929761456,0.01636725953877106,132,0,0,0.4159294068813324,-0.2149972915649414,0.46821053692641024,-0.6967921639508742,-0.7000008037383544,-0.0032086397874802053,-0.3009865880012512,-0.29999998211860657
A038,101,stairs_10_down,30,1000,0.305,0.18554536896051543,0.12376267690072085,0.1356962585262414,-0.9814082401394844,-1.0,-0.9715826561794946,0.1182736128952552,0.020315843287366995,261,0,0,0.15828096866607666,-0.053343772888183594,0.16702821063466392,-0.7000007731391784,-0.7000008139380797,-4.079890125741059e-08,-0.30069470405578613,-0.29999998211860657
A038,101,stairs_10_down,31,1000,0.485,0.19654356983495264,0.14719153566156484,0.18481894686120778,-0.9875274034142494,-1.0,-0.9875530464139151,0.06783514354335451,0.013023551697858338,156,0,0,-0.5696373730897903,-0.5608386993408203,0.7993915082729739,-0.7000008037383544,-0.6978618703423974,0.0021389333959569434,-0.3008274734020233,-0.29999998211860657
A038,202,stairs_10_down,0,1000,0.102,0.1276083120891754,0.09967968744390154,0.10877369964075516,-0.8863653284907341,-1.0,-0.8575203332734939,0.060806683656583434,0.021029786821420236,102,0,0,-0.36837300658226013,-0.4699821472167969,0.5971447820093254,-0.696792684136865,-0.7000008037383544,-0.0032081196014893676,-0.3013398349285126,-0.29999998211860657
A038,202,stairs_10_down,1,1000,0.114,0.1858866696791216,0.1426241018555381,0.17778626580993426,-0.9864221878647804,-1.0,-0.9858933280949569,0.05062777495426888,0.012415039093228383,106,0,0,-0.5442751348018646,-0.7394866943359375,0.9181916975574764,-0.693049313550327,-0.7000008547369809,-0.006951541186653976,-0.3009578585624695,-0.29999998211860657
A038,202,stairs_10_down,2,1000,0.748,0.21896012262864556,0.13306420356194604,0.17940059094042468,-0.9892358220219613,-1.0,-0.9873016811721954,0.11507203989683594,0.09859104450384286,265,0,0,0.8813025653362274,-0.1099395751953125,0.8881333919307061,-0.6973270069469105,-0.6951880837506789,0.002138923196231657,-0.3006526529788971,-0.29999998211860657
A038,202,stairs_10_down,3,1000,0.425,0.19785921657467878,0.14020160892430478,0.1644070640146474,-0.9575759581327439,-1.0,-0.9002408622509211,0.08717316501983749,0.014464292261022643,169,0,0,0.5295672863721848,-0.7016115188598633,0.8790336934341276,-0.7000009057356075,-0.6967922965473032,0.0032086091883042345,-0.3007091283798218,-0.29999998211860657
A038,202,stairs_10_down,4,1000,0.609,0.21037166261688936,0.15172771671239071,0.18304421439400964,-0.9850817645788192,-1.0,-0.9842575497888214,0.09471551143103925,0.014431923925074381,244,0,0,0.4435867369174957,-0.42547607421875,0.6146536283970923,-0.697327221141142,-0.7000008139380797,-0.002673592796937685,-0.3010500967502594,-0.29999998211860657
A038,202,stairs_10_down,5,1000,0.269,0.17158123752952917,0.11981777344795475,0.12196471437835242,-0.8071036419272423,-1.0,-0.5140051666776932,0.08256066096901188,0.007136385604616506,130,0,0,-0.5404562056064606,0.7560920715332031,0.9293912689572155,-0.6994660219406699,-0.7000007527397278,-0.0005347307990579697,-0.300810307264328,-0.29999998211860657
A038,202,stairs_10_down,6,1000,0.178,0.16640429299384482,0.13357982549437863,0.13929249496389806,-0.8051718733906746,-1.0,-0.7372883326971709,0.07667081830213385,0.018006527727403805,145,0,0,0.11750730872154236,-0.16841793060302734,0.2053596039915981,-0.6994661341376484,-0.6983965297433782,0.0010696043942701738,-0.30063295364379883,-0.29999998211860657
A038,202,stairs_10_down,7,1000,0.284,0.18451212157285152,0.12607102215608812,0.1549728038378432,-0.9399134323000908,-1.0,-0.873224453249974,0.07822936172516412,0.013948380656414218,124,0,0,-0.8827137053012848,-0.3088655471801758,0.9351905751030818,-0.6983963665477733,-0.6957227737508356,0.002673592796937685,-0.3010343015193939,-0.29999998211860657
A038,202,stairs_10_down,8,1000,0.97,0.20468513022578333,0.14245822165101607,0.19033665607583033,-0.992364592552185,-1.0,-0.9919119240039617,0.07701901504916542,0.01203848426784505,166,0,0,0.13140416145324707,-0.11746883392333984,0.17625544130760962,-0.7000004365482432,-0.7000002733526383,1.6319560491862006e-07,-0.3012131154537201,-0.29999998211860657
A038,202,stairs_10_down,9,1000,0.262,0.1907114920630493,0.1357818720812466,0.16568887633984547,-0.9867865213155746,-1.0,-0.9846318613237409,0.08374174113834111,0.016071836930362227,156,0,0,-0.04613575339317322,0.11451292037963867,0.12345734759433787,-0.7000006507424748,-0.7000003447507155,3.05991759264046e-07,-0.3008488118648529,-0.29999998211860657
A038,202,stairs_10_down,10,1000,0.268,0.16879746038582247,0.1017973327381726,0.10918608802521947,-0.8219700884819031,-1.0,-0.6936686320684442,0.11522268862854987,0.019445930978867793,267,0,0,0.309486024081707,-0.573509693145752,0.6516862490754561,-0.7000002733526383,-0.6967917865610378,0.0032084867916004622,-0.30082783102989197,-0.29999998211860657
A038,202,stairs_10_down,11,1000,0.239,0.1664505609812586,0.10421830017298939,0.13519012925392498,-0.9303960990309715,-1.0,-0.9285655555440419,0.11680709167437305,0.02078027708254169,234,0,0,0.44523748755455017,-0.14321208000183105,0.4677030256288055,-0.6967918681588402,-0.700000395749342,-0.0032085275905018307,-0.30106469988822937,-0.29999998211860657
A038,202,stairs_10_down,12,1000,0.472,0.1849177940718953,0.12046337860790801,0.12325173859112654,-0.8424852038621903,-1.0,-0.5230135888009522,0.10869334170099061,0.007891012183448192,176,0,0,-0.6464625895023346,0.0038805007934570312,0.6464742360778749,-0.6967921639508742,-0.7000002223540117,-0.003208058403137537,-0.3010666072368622,-0.29999998211860657
A038,202,stairs_10_down,13,1000,0.238,0.16515516289670198,0.1062642814003848,0.1111319049989457,-0.8190685580372811,-1.0,-0.6567498018492514,0.11537788814332627,0.014063994563716101,236,0,0,-0.007924675941467285,-0.11749696731567383,0.11776390710721937,-0.7000007221405519,-0.700000263152913,4.5898763889606897e-07,-0.30084750056266785,-0.29999998211860657
A038,202,stairs_10_down,14,1000,0.514,0.19916012035350097,0.14294688507197373,0.1928307083007816,-0.9918613045215606,-1.0,-0.9936108796750728,0.08531647598421731,0.019379416015585006,193,0,0,-0.35586822032928467,-0.04795074462890625,0.35908420203456304,-0.700000824137805,-0.7000003447507155,4.793870894692631e-07,-0.3011797070503235,-0.29999998211860657
A038,202,stairs_10_down,15,1000,0.425,0.1939675192624172,0.12639724841729838,0.16759002232020656,-0.9898380451798439,-1.0,-0.9877519050047765,0.11033480606232049,0.0115517003588985,217,0,0,0.28619165904819965,0.48514533042907715,0.5632687256948493,-0.697861360356132,-0.6994657465480866,-0.0016043861919545765,-0.3010009527206421,-0.29999998211860657
A038,202,stairs_10_down,16,1000,0.928,0.22209327637591458,0.13108229190908016,0.20438203266740404,-0.9903495956659317,-1.0,-0.990979629666058,0.09449261128039649,0.12412090894643653,237,0,0,-0.30623708479106426,0.09091520309448242,0.31944753286735594,-0.7000010893306631,-0.6994654609557779,0.0005356283748851887,-0.30049052834510803,-0.29999998211860657
A038,202,stairs_10_down,17,1000,0.73,0.1994521088837619,0.14378811108237277,0.19247022463590494,-0.9916343279480934,-1.0,-0.9935720548107849,0.06776642089613685,0.012347804950819496,149,0,0,-0.6419433057308197,-0.5388498306274414,0.8381231101334904,-0.7000001203567586,-0.6957222739642954,0.004277846392463203,-0.30064672231674194,-0.29999998211860657
A038,202,stairs_10_down,18,1000,0.556,0.20311720041348974,0.13375845121189878,0.16656056501921396,-0.9671314719319344,-1.0,-0.9044431842381682,0.10314645448509244,0.01750517505092036,164,0,0,-0.09980065748095512,-0.19791340827941895,0.2216526300552441,-0.7000005487452217,-0.700000395749342,1.52995879632023e-07,-0.30070585012435913,-0.29999998211860657
A038,202,stairs_10_down,19,1000,0.408,0.20365980951017837,0.13328638146905336,0.17374725033378874,-0.9809740082025528,-1.0,-0.9553587587911692,0.09524476876880825,0.031477409040375624,195,0,0,0.07834601402282715,-0.16366791725158691,0.18145325858395966,-0.7000007935386291,-0.7000004161487926,3.773898364922701e-07,-0.3007653057575226,-0.29999998211860657
A038,202,stairs_10_down,20,1000,0.275,0.17243195725331978,0.12368742555857981,0.13106105414792285,-0.9822542626857758,-1.0,-0.9784639273116837,0.1300785051994887,0.014676862317291081,228,0,0,0.12599779665470123,-0.6282970905303955,0.6408062723872164,-0.6994655731527563,-0.7000003447507155,-0.0005347715979592271,-0.30092287063598633,-0.29999998211860657
A038,202,stairs_10_down,21,1000,0.293,0.18308296805970842,0.1311274570896026,0.13871384530131256,-0.9798584364652634,-1.0,-0.970861031344874,0.12614009493101527,0.020661732985623345,244,0,0,0.32360345125198364,0.0496368408203125,0.32738816354415745,-0.6967918375596643,-0.7000004569476939,-0.003208619388029521,-0.3005674481391907,-0.29999998211860657
A038,202,stairs_10_down,22,1000,0.416,0.18721502666788928,0.12429012238660597,0.16747607449282959,-0.9888736671805382,-1.0,-0.9869336613375156,0.07289307764618073,0.014110284638284348,109,0,0,0.6617572009563446,0.39914536476135254,0.7728127944256934,-0.6973267009551513,-0.6994657975467131,-0.002139096591561862,-0.30113017559051514,-0.29999998211860657
A038,202,stairs_10_down,23,1000,0.193,0.16809402487972824,0.10273003673808456,0.11507768170566605,-0.9775242459774017,-1.0,-0.9610911094727208,0.09788728329558913,0.028757230138038697,174,0,0,0.021517828106880188,0.3726193904876709,0.37324017347257865,-0.7000002019545611,-0.7000004059490673,-2.0399450617603065e-07,-0.30089810490608215,-0.29999998211860657
A038,202,stairs_10_down,24,1000,0.25,0.15452101615405986,0.10947358863238987,0.111879880841346,-0.6933537245988846,-1.0,-0.5351006836440433,0.08453891281551501,0.007150328003901224,136,0,0,0.491122305393219,-0.10656452178955078,0.5025506105448345,-0.6957226921530331,-0.6994660219406699,-0.0037433297876368066,-0.30039331316947937,-0.29999998211860657
A038,202,stairs_10_down,25,1000,0.237,0.15500962637834984,0.10892268138773298,0.11761677237812562,-0.9761276011466979,-1.0,-0.9569973660938775,0.10506106980347864,0.018484278717557874,150,0,0,0.2767452895641327,-0.08025932312011719,0.28814842398256324,-0.6967921435514236,-0.7000008445372556,-0.003208700985832036,-0.3008438050746918,-0.29999998211860657
A038,202,stairs_10_down,26,1000,0.607,0.20860790418112335,0.12873355207596238,0.18084313150436915,-0.9864162586927414,-1.0,-0.9825456397450385,0.10099545346467224,0.020865304487343462,230,0,0,0.5982045382261276,-0.03601837158203125,0.5992879046382931,-0.6994660831390218,-0.6941184589569581,0.005347624182063693,-0.30093657970428467,-0.29999998211860657
A038,202,stairs_10_down,27,1000,0.232,0.15544527112465484,0.10339611465918186,0.10975414890450345,-0.959541501224041,-1.0,-0.9714259125700044,0.1224936874092815,0.023887105187891323,232,0,0,-0.2621131259948015,0.5462541580200195,0.6058852168298275,-0.6962581369328626,-0.7000007629394531,-0.003742626006590477,-0.3009013235569,-0.29999998211860657
A038,202,stairs_10_down,28,1000,0.577,0.2063408594435873,0.14941634421042582,0.18147001427721418,-0.9849286621212959,-1.0,-0.9854907577310629,0.0937366444487507,0.012871713306736605,230,0,0,-0.4559817984700203,-0.2405996322631836,0.5155653048655751,-0.6994660627395711,-0.6983965195436529,0.0010695431959182322,-0.30049657821655273,-0.29999998211860657
A038,202,stairs_10_down,29,1000,0.564,0.1950153446272418,0.14118677298015447,0.1838251478998,-0.987086830496788,-1.0,-0.9877241642320927,0.06622115448652405,0.013802534628487184,157,0,0,0.03535039722919464,0.30269527435302734,0.30475248924318293,-0.7000006609422,-0.7000007731391784,-1.121969783746124e-07,-0.3006790280342102,-0.29999998211860657
A038,202,stairs_10_down,30,1000,0.305,0.19401880800230004,0.13928958152067217,0.18082308460871505,-0.994946633040905,-1.0,-0.99581580079017,0.0830161552755848,0.015158705098757786,162,0,0,0.05538180470466614,-0.19224834442138672,0.20006641453554846,-0.7000007731391784,-0.7000007935386291,-2.0399450684216447e-08,-0.3008301258087158,-0.29999998211860657
A038,202,stairs_10_down,31,1000,0.217,0.15619429113823424,0.10963594100692053,0.11872505303340959,-0.9688788025379181,-1.0,-0.9570036856689264,0.11720216637504025,0.020627384505659176,176,0,0,-0.205366313457489,-0.8793344497680664,0.9029974514094864,-0.6967922761478526,-0.695722722752209,0.0010695533956435188,-0.30092716217041016,-0.29999998211860657
A038,303,stairs_10_down,0,1000,0.451,0.21284564953500568,0.1259249310123729,0.14431514917232663,-0.8840430676341057,-1.0,-0.6199142099612981,0.10378119051617199,0.014254569174388217,276,0,0,0.2883266806602478,-0.49573421478271484,0.5734846872295645,-0.7000008547369809,-0.69732698654746,0.002673868189520978,-0.30060428380966187,-0.29999998211860657
A038,303,stairs_10_down,1,1000,0.276,0.17454296633856187,0.13002557359277245,0.13594719265909566,-0.797981290280819,-1.0,-0.652239078906045,0.1037983817695627,0.012381446698925375,167,0,0,-0.24531599879264832,-0.28574562072753906,0.37660390203581434,-0.7000010791309377,-0.6967922455486767,0.0032088335822609837,-0.30062049627304077,-0.29999998211860657
A038,303,stairs_10_down,2,1000,0.444,0.19702620271437976,0.12573788781217077,0.16056842644283073,-0.9508075640201569,-1.0,-0.8443811375703385,0.09191727579857771,0.015524288966914811,171,0,0,0.3277466744184494,-0.09722328186035156,0.3418629098455263,-0.7000011505290149,-0.7000008445372556,3.05991759264046e-07,-0.30065444111824036,-0.29999998211860657
A038,303,stairs_10_down,3,1000,0.414,0.20307249969498975,0.12270651287573542,0.12759556010530804,-0.8412962427139282,-1.0,-0.5147939241347621,0.11952061534526248,0.008867101156851227,288,0,0,-0.6311768889427185,-0.26178646087646484,0.683312824578636,-0.7000014055221476,-0.7000007629394531,6.425826944989055e-07,-0.30077263712882996,-0.29999998211860657
A038,303,stairs_10_down,4,1000,0.313,0.17682118300846578,0.12417210439309712,0.12756703489731344,-0.7584861887097358,-1.0,-0.48500626004157377,0.08135672194407333,0.005349573316051942,170,0,0,-0.46621957421302795,-0.4209709167480469,0.6281538061072846,-0.6962580655347854,-0.6973270579455371,-0.0010689924107516457,-0.300645649433136,-0.29999998211860657
A038,303,stairs_10_down,5,1000,0.273,0.19195626838497276,0.13581002443869483,0.16748117715200397,-0.875363001704216,-1.0,-0.8250257535953427,0.09839803814146819,0.014207508142572264,155,0,0,0.21528220176696777,0.41829872131347656,0.47044685847619705,-0.6989314033385904,-0.7000008853361568,-0.0010694819975664016,-0.3005177080631256,-0.29999998211860657
A038,303,stairs_10_down,6,1000,0.204,0.1605490940939937,0.10967983201863296,0.11770731579481336,-0.837253457069397,-1.0,-0.7552352085042355,0.09971302344524632,0.01772524545200556,197,0,0,0.03599300980567932,0.08630943298339844,0.09351371544745442,-0.7000008139380797,-0.7000008037383544,1.0199725286597072e-08,-0.3006811738014221,-0.29999998211860657
A038,303,stairs_10_down,7,1000,0.296,0.1929116933211925,0.12467450030984728,0.14445513621811906,-0.9863771843314171,-1.0,-0.9829285337557248,0.1157594920703069,0.015227355154707954,248,0,0,-0.5982120931148529,0.5901260375976562,0.8403014034259159,-0.6978617683451444,-0.6989313013413373,-0.0010695329961929456,-0.30059558153152466,-0.29999998211860657
A038,303,stairs_10_down,8,1000,0.171,0.1471902223906734,0.10951574043156631,0.11245112928860958,-0.6207714248895645,-1.0,-0.44267510478176286,0.05971431134646953,0.009807634811490582,108,0,0,0.17852189391851425,-0.621605634689331,0.6467330451475163,-0.6946535161472259,-0.6994653181596235,-0.004811802012397615,-0.30065131187438965,-0.29999998211860657
A038,303,stairs_10_down,9,1000,0.289,0.19603256192978702,0.1566739364422579,0.16855350239118877,-0.8879531509280205,-1.0,-0.7997970151070931,0.0876948559450517,0.019355361971861267,189,0,0,0.3392304852604866,-0.16064882278442383,0.3753469946490666,-0.700000395749342,-0.700000528345771,-1.3259642894780654e-07,-0.300973117351532,-0.29999998211860657
A038,303,stairs_10_down,10,1000,0.205,0.17297215213638556,0.12677167379919863,0.14641624151602656,-0.9871633486747742,-1.0,-0.9863243823620811,0.08601289144215299,0.015111297652582798,147,0,0,-0.04697039723396301,0.547555685043335,0.5495665987299375,-0.6962572699562114,-0.6978615235517369,-0.0016042535955255177,-0.3009435534477234,-0.29999998211860657
A038,303,stairs_10_down,11,1000,0.198,0.16112316925831638,0.12259477074133518,0.1292064060194233,-0.9742177464962005,-1.0,-0.9644592840280106,0.09878982867081122,0.01461822752937444,162,0,0,0.055132120847702026,0.06408023834228516,0.08453299767055285,-0.6994659811417687,-0.7000003345509901,-0.0005343534092213664,-0.30119842290878296,-0.29999998211860657
A038,303,stairs_10_down,12,1000,0.313,0.18620260242807038,0.13230366662224347,0.13691686786911222,-0.9855682920217514,-1.0,-0.9823056569146873,0.11478685799302168,0.015803303962470816,255,0,0,-0.44413459300994873,0.07649636268615723,0.45067419519240826,-0.700000528345771,-0.6994656751500093,0.0005348531957616309,-0.3005202114582062,-0.29999998211860657
A038,303,stairs_10_down,13,1000,0.818,0.2085952036860478,0.1504767994510936,0.19724959507158393,-0.9899039933681488,-1.0,-0.9916087786356608,0.07527464874097259,0.014637289084743434,192,0,0,-0.20079651474952698,0.3916447162628174,0.44011910218955475,-0.7000007323402772,-0.6930485281714781,0.006952204168799048,-0.3004530966281891,-0.29999998211860657
A038,303,stairs_10_down,14,1000,0.264,0.16992037289808778,0.10629445091288359,0.12769276174552696,-0.907173203766346,-1.0,-0.7072902814072756,0.11736972805872337,0.015100614110102936,216,0,0,0.13514426350593567,-0.07032537460327148,0.15234707175279819,-0.6946535773455778,-0.6951874513677098,-0.0005338740221320082,-0.301080584526062,-0.29999998211860657
A038,303,stairs_10_down,15,1000,0.646,0.2005536398643799,0.1275849705711406,0.15705474937834624,-0.9671576340198517,-1.0,-0.8864954374915924,0.08296595672516406,0.016706095193494377,156,0,0,-0.35110919177532196,0.006932973861694336,0.3511776340766689,-0.7000011709284655,-0.7000002529531877,9.179752777921379e-07,-0.30079513788223267,-0.29999998211860657
A038,303,stairs_10_down,16,1000,0.783,0.20124993008008635,0.1225513830223185,0.18421267665171182,-0.9875738875865936,-1.0,-0.987792042060871,0.08432140619094036,0.1109752295899861,145,0,0,0.11226680874824524,0.3291444778442383,0.3477641782039538,-0.7000000897575828,-0.6951877369600183,0.004812352797564423,-0.30084946751594543,-0.29999998211860657
A038,303,stairs_10_down,17,1000,0.311,0.17488102325828936,0.11371624437882943,0.12242978473969018,-0.9700925022363662,-1.0,-0.9525102886987563,0.12587669398781645,0.01610792857635921,239,0,0,0.7884275317192078,0.532956600189209,0.9516620778711752,-0.6978614215544838,-0.696791990555544,0.0010694309989398576,-0.3008926212787628,-0.29999998211860657
A038,303,stairs_10_down,18,1000,0.106,0.18303798415444128,0.13893034767339574,0.17699668210375533,-0.9867207728624344,-1.0,-0.9872803382612579,0.05160906153757382,0.015063602092996018,106,0,0,0.5663726031780243,-0.14129924774169922,0.5837323042654243,-0.6930485689703794,-0.7000002121542864,-0.006951643183907064,-0.3007931411266327,-0.29999998211860657
A038,303,stairs_10_down,19,1000,0.251,0.1896504378004825,0.13645003807735956,0.1798197298866983,-0.9875777072310448,-1.0,-0.987305002129493,0.08812666827901437,0.016693173705156425,192,0,0,0.11575454473495483,0.46935606002807617,0.48341930630858726,-0.7000004161487926,-0.6957224371599003,0.0042779789888922615,-0.3010006248950958,-0.29999998211860657
A038,303,stairs_10_down,20,1000,0.15,0.15764013690441692,0.11533628762724568,0.126681648185077,-0.9816724237203598,-1.0,-0.963254716858935,0.07583140784785544,0.01569875477073032,92,0,0,-0.46131581813097,0.9218776226043701,1.0308591732707877,-0.6941184793564088,-0.6951875227657869,-0.0010690434093780787,-0.301233172416687,-0.29999998211860657
A038,303,stairs_10_down,21,1000,0.285,0.18009764179427995,0.11012273182205978,0.13445971154962377,-0.8834259450435639,-1.0,-0.7177685211546978,0.11563630149874571,0.016118529046747525,253,0,0,0.04636318236589432,-0.09411382675170898,0.10491404608032172,-0.7000007833389037,-0.7000004773471444,3.05991759264046e-07,-0.30079758167266846,-0.29999998211860657
A038,303,stairs_10_down,22,1000,0.307,0.17146758467660245,0.10301916803268185,0.11620684821572634,-0.9433645896911621,-1.0,-0.9194313160222561,0.12562857956411386,0.021301213674201805,242,0,0,-0.0007670223712921143,-0.08701276779174805,0.08701614839843654,-0.698396886733764,-0.7000002733526383,-0.0016033866188742696,-0.300317645072937,-0.29999998211860657
A038,303,stairs_10_down,23,1000,0.283,0.17694871977131002,0.12191081525170233,0.1290818170978868,-0.933795736014843,-1.0,-0.8948933375415518,0.11590480594607111,0.016352069921292435,221,0,0,-0.27097631245851517,-0.3204944133758545,0.4196961173500988,-0.7000009363347833,-0.7000003651501661,5.711846172706814e-07,-0.3005518913269043,-0.29999998211860657
A038,303,stairs_10_down,24,1000,0.168,0.15158866893352657,0.11254846635349292,0.12296060363645106,-0.8399387011528016,-1.0,-0.6676269867526952,0.08123600668952538,0.015340950919028202,151,0,0,-0.002634763717651367,0.45193004608154297,0.4519377263861841,-0.6951881041501295,-0.7000008139380797,-0.00481270978795012,-0.3005388081073761,-0.29999998211860657
A038,303,stairs_10_down,25,1000,0.265,0.17173942230777298,0.11733709363376388,0.1261534082948865,-0.9708369511365891,-1.0,-0.9573995966223342,0.11401119025096922,0.015343626213782121,222,0,0,-0.10975442826747894,0.4406757354736328,0.45413779666478804,-0.7000007323402772,-0.7000008343375302,-1.0199725308801533e-07,-0.30067938566207886,-0.29999998211860657
A038,303,stairs_10_down,26,1000,0.197,0.1510973335058295,0.10826238527654963,0.12048341693322391,-0.9624528859257698,-1.0,-0.906226529707363,0.09859306647601616,0.05395971161457474,171,0,0,0.4978555738925934,0.19167232513427734,0.5334776965143938,-0.6994668379186947,-0.7000008445372556,-0.000534006618560956,-0.3009971082210541,-0.29999998211860657
A038,303,stairs_10_down,27,1000,0.167,0.1889365068922706,0.1451645831373286,0.1778324006502102,-0.9865915333032608,-1.0,-0.9853089973701173,0.058679733978606125,0.013639920598430605,148,0,0,-0.20390667207539082,0.12028026580810547,0.23673882921846487,-0.7000008547369809,-0.7000008649367062,-1.0199725286597072e-08,-0.3009599447250366,-0.29999998211860657
A038,303,stairs_10_down,28,1000,0.569,0.2062448408495296,0.13687162188922652,0.18610101406298388,-0.9850061314105988,-1.0,-0.9800951012331455,0.09162514909766943,0.03440282747672749,201,0,0,-0.21674185991287231,-0.2640571594238281,0.3416185259634965,-0.6994660015412193,-0.7000008547369809,-0.0005348531957616309,-0.30083101987838745,-0.29999998211860657
A038,303,stairs_10_down,29,1000,0.435,0.19932692009800274,0.12396655363195086,0.127819790834789,-0.7808454382419586,-1.0,-0.5370260915946011,0.1283662370608105,0.0142537984604738,289,0,0,-0.19112515449523926,-0.1557321548461914,0.2465386962200198,-0.7000014565207742,-0.7000008037383544,6.527824197855026e-07,-0.3008490800857544,-0.29999998211860657
A038,303,stairs_10_down,30,1000,0.198,0.15668374760552511,0.11432691611708168,0.12690440460468266,-0.9773512951731682,-1.0,-0.9726120301740087,0.08487686528309893,0.033456055588899636,137,0,0,-0.23148861154913902,-0.03246498107910156,0.23375404226112242,-0.6967923475459298,-0.6962575147496187,0.0005348327963110577,-0.30103176832199097,-0.29999998211860657
A038,303,stairs_10_down,31,1000,0.148,0.16856250177682403,0.11012794722847763,0.15691273728667093,-0.9780760115385055,-1.0,-0.9800971556658769,0.07927844026869203,0.01623529537932418,148,0,0,0.32609277963638306,-0.6006193161010742,0.6834325598072606,-0.7000010281323111,-0.6957227635511103,0.004278264581200841,-0.30115029215812683,-0.29999998211860657
