arm,case,seed,env_id,observed,valid_seconds,stall_seconds,stall_share,first_step_time_s,censored,reason
go2_g_a033_a017_track_lin_vel_xy_150,stairs_10_down,101,0,True,19.48,9.14,0.469199,6.58,False,
go2_g_a033_a017_track_lin_vel_xy_150,stairs_10_down,101,1,True,19.48,4.22,0.216632,3.8,False,
go2_g_a033_a017_track_lin_vel_xy_150,stairs_10_down,101,2,True,19.48,1.48,0.075975,4.38,False,
go2_g_a033_a017_track_lin_vel_xy_150,stairs_10_down,101,3,True,19.48,0.0,0.0,,True,
go2_g_a033_a017_track_lin_vel_xy_150,stairs_10_down,101,4,True,19.48,1.36,0.069815,4.58,False,
go2_g_a033_a017_track_lin_vel_xy_150,stairs_10_down,101,5,True,19.48,0.0,0.0,5.5,False,
go2_g_a033_a017_track_lin_vel_xy_150,stairs_10_down,101,6,True,19.48,1.2,0.061602,7.04,False,
go2_g_a033_a017_track_lin_vel_xy_150,stairs_10_down,101,7,True,19.48,0.0,0.0,6.08,False,
go2_g_a033_a017_track_lin_vel_xy_150,stairs_10_down,101,8,True,19.48,0.0,0.0,6.36,False,
go2_g_a033_a017_track_lin_vel_xy_150,stairs_10_down,101,9,True,19.48,0.0,0.0,,True,
go2_g_a033_a017_track_lin_vel_xy_150,stairs_10_down,101,10,True,19.48,1.1,0.056468,5.94,False,
go2_g_a033_a017_track_lin_vel_xy_150,stairs_10_down,101,11,True,19.48,10.26,0.526694,3.0,False,
go2_g_a033_a017_track_lin_vel_xy_150,stairs_10_down,101,12,True,19.48,4.52,0.232033,3.94,False,
go2_g_a033_a017_track_lin_vel_xy_150,stairs_10_down,101,13,True,19.48,2.28,0.117043,4.18,False,
go2_g_a033_a017_track_lin_vel_xy_150,stairs_10_down,101,14,True,19.48,0.0,0.0,3.76,False,
go2_g_a033_a017_track_lin_vel_xy_150,stairs_10_down,101,15,True,19.48,4.8,0.246407,5.16,False,
go2_g_a033_a017_track_lin_vel_xy_150,stairs_10_down,101,16,True,19.48,5.02,0.2577,4.58,False,
go2_g_a033_a017_track_lin_vel_xy_150,stairs_10_down,101,17,True,19.48,6.34,0.325462,5.12,False,
go2_g_a033_a017_track_lin_vel_xy_150,stairs_10_down,101,18,True,19.48,1.02,0.052361,3.96,False,
go2_g_a033_a017_track_lin_vel_xy_150,stairs_10_down,101,19,True,19.48,1.48,0.075975,4.92,False,
go2_g_a033_a017_track_lin_vel_xy_150,stairs_10_down,101,20,True,19.48,1.16,0.059548,5.56,False,
go2_g_a033_a017_track_lin_vel_xy_150,stairs_10_down,101,21,True,19.48,0.0,0.0,,True,
go2_g_a033_a017_track_lin_vel_xy_150,stairs_10_down,101,22,True,19.48,0.0,0.0,9.1,False,
go2_g_a033_a017_track_lin_vel_xy_150,stairs_10_down,101,23,True,19.48,3.96,0.203285,4.02,False,
go2_g_a033_a017_track_lin_vel_xy_150,stairs_10_down,101,24,True,19.48,0.0,0.0,4.78,False,
go2_g_a033_a017_track_lin_vel_xy_150,stairs_10_down,101,25,True,19.48,2.28,0.117043,7.76,False,
go2_g_a033_a017_track_lin_vel_xy_150,stairs_10_down,101,26,True,19.48,2.86,0.146817,9.98,False,
go2_g_a033_a017_track_lin_vel_xy_150,stairs_10_down,101,27,True,17.66,4.74,0.268403,4.46,False,
go2_g_a033_a017_track_lin_vel_xy_150,stairs_10_down,101,28,True,19.48,0.0,0.0,7.4,False,
go2_g_a033_a017_track_lin_vel_xy_150,stairs_10_down,101,29,True,19.48,4.86,0.249487,3.7,False,
go2_g_a033_a017_track_lin_vel_xy_150,stairs_10_down,101,30,True,19.48,0.0,0.0,7.24,False,
go2_g_a033_a017_track_lin_vel_xy_150,stairs_10_down,101,31,True,19.48,0.0,0.0,4.5,False,
go2_g_a033_a017_track_lin_vel_xy_150,stairs_10_down,202,0,True,19.48,4.96,0.25462,17.24,False,
go2_g_a033_a017_track_lin_vel_xy_150,stairs_10_down,202,1,True,19.48,0.0,0.0,3.94,False,
go2_g_a033_a017_track_lin_vel_xy_150,stairs_10_down,202,2,True,19.48,2.36,0.12115,6.46,False,
go2_g_a033_a017_track_lin_vel_xy_150,stairs_10_down,202,3,True,19.48,10.12,0.519507,4.74,False,
go2_g_a033_a017_track_lin_vel_xy_150,stairs_10_down,202,4,True,19.48,2.08,0.106776,6.26,False,
go2_g_a033_a017_track_lin_vel_xy_150,stairs_10_down,202,5,True,19.48,0.0,0.0,3.32,False,
go2_g_a033_a017_track_lin_vel_xy_150,stairs_10_down,202,6,True,19.48,8.08,0.414784,3.64,False,
go2_g_a033_a017_track_lin_vel_xy_150,stairs_10_down,202,7,True,19.48,8.02,0.411704,10.3,False,
go2_g_a033_a017_track_lin_vel_xy_150,stairs_10_down,202,8,True,19.48,1.08,0.055441,4.68,False,
go2_g_a033_a017_track_lin_vel_xy_150,stairs_10_down,202,9,True,19.48,5.8,0.297741,4.26,False,
go2_g_a033_a017_track_lin_vel_xy_150,stairs_10_down,202,10,True,19.48,4.12,0.211499,6.46,False,
go2_g_a033_a017_track_lin_vel_xy_150,stairs_10_down,202,11,True,19.48,1.3,0.066735,8.1,False,
go2_g_a033_a017_track_lin_vel_xy_150,stairs_10_down,202,12,True,19.48,12.1,0.62115,6.42,False,
go2_g_a033_a017_track_lin_vel_xy_150,stairs_10_down,202,13,True,19.48,10.32,0.529774,4.88,False,
go2_g_a033_a017_track_lin_vel_xy_150,stairs_10_down,202,14,True,19.48,9.48,0.486653,4.8,False,
go2_g_a033_a017_track_lin_vel_xy_150,stairs_10_down,202,15,True,19.48,1.74,0.089322,5.04,False,
go2_g_a033_a017_track_lin_vel_xy_150,stairs_10_down,202,16,True,19.48,12.74,0.654004,5.84,False,
go2_g_a033_a017_track_lin_vel_xy_150,stairs_10_down,202,17,True,19.48,4.38,0.224846,4.64,False,
go2_g_a033_a017_track_lin_vel_xy_150,stairs_10_down,202,18,True,19.48,8.06,0.413758,4.74,False,
go2_g_a033_a017_track_lin_vel_xy_150,stairs_10_down,202,19,True,19.48,0.0,0.0,4.1,False,
go2_g_a033_a017_track_lin_vel_xy_150,stairs_10_down,202,20,True,9.14,1.18,0.129103,5.66,False,
go2_g_a033_a017_track_lin_vel_xy_150,stairs_10_down,202,21,True,19.48,6.24,0.320329,5.62,False,
go2_g_a033_a017_track_lin_vel_xy_150,stairs_10_down,202,22,True,19.48,1.1,0.056468,,True,
go2_g_a033_a017_track_lin_vel_xy_150,stairs_10_down,202,23,True,19.48,12.94,0.664271,4.44,False,
go2_g_a033_a017_track_lin_vel_xy_150,stairs_10_down,202,24,True,19.48,0.0,0.0,4.12,False,
go2_g_a033_a017_track_lin_vel_xy_150,stairs_10_down,202,25,True,19.48,7.2,0.36961,,True,
go2_g_a033_a017_track_lin_vel_xy_150,stairs_10_down,202,26,True,19.48,6.24,0.320329,4.4,False,
go2_g_a033_a017_track_lin_vel_xy_150,stairs_10_down,202,27,True,19.48,10.14,0.520534,18.62,False,
go2_g_a033_a017_track_lin_vel_xy_150,stairs_10_down,202,28,True,19.48,1.32,0.067762,5.36,False,
go2_g_a033_a017_track_lin_vel_xy_150,stairs_10_down,202,29,True,19.48,3.76,0.193018,4.02,False,
go2_g_a033_a017_track_lin_vel_xy_150,stairs_10_down,202,30,True,19.48,7.94,0.407598,6.68,False,
go2_g_a033_a017_track_lin_vel_xy_150,stairs_10_down,202,31,True,11.34,2.2,0.194004,5.18,False,
go2_g_a033_a017_track_lin_vel_xy_150,stairs_10_down,303,0,True,19.48,7.56,0.38809,6.46,False,
go2_g_a033_a017_track_lin_vel_xy_150,stairs_10_down,303,1,True,19.48,11.26,0.578029,4.88,False,
go2_g_a033_a017_track_lin_vel_xy_150,stairs_10_down,303,2,True,19.48,5.68,0.291581,3.68,False,
go2_g_a033_a017_track_lin_vel_xy_150,stairs_10_down,303,3,True,19.48,5.68,0.291581,6.02,False,
go2_g_a033_a017_track_lin_vel_xy_150,stairs_10_down,303,4,True,19.48,2.74,0.140657,3.98,False,
go2_g_a033_a017_track_lin_vel_xy_150,stairs_10_down,303,5,True,19.48,4.76,0.244353,4.28,False,
go2_g_a033_a017_track_lin_vel_xy_150,stairs_10_down,303,6,True,19.48,0.0,0.0,5.26,False,
go2_g_a033_a017_track_lin_vel_xy_150,stairs_10_down,303,7,True,8.72,2.14,0.245413,5.66,False,
go2_g_a033_a017_track_lin_vel_xy_150,stairs_10_down,303,8,True,19.48,5.42,0.278234,3.46,False,
go2_g_a033_a017_track_lin_vel_xy_150,stairs_10_down,303,9,True,19.48,3.92,0.201232,4.56,False,
go2_g_a033_a017_track_lin_vel_xy_150,stairs_10_down,303,10,True,19.48,13.8,0.708419,4.12,False,
go2_g_a033_a017_track_lin_vel_xy_150,stairs_10_down,303,11,True,19.48,1.08,0.055441,4.12,False,
go2_g_a033_a017_track_lin_vel_xy_150,stairs_10_down,303,12,True,19.48,4.68,0.240246,5.76,False,
go2_g_a033_a017_track_lin_vel_xy_150,stairs_10_down,303,13,True,19.48,0.0,0.0,4.18,False,
go2_g_a033_a017_track_lin_vel_xy_150,stairs_10_down,303,14,True,11.02,1.32,0.119782,7.18,False,
go2_g_a033_a017_track_lin_vel_xy_150,stairs_10_down,303,15,True,19.48,0.0,0.0,4.14,False,
go2_g_a033_a017_track_lin_vel_xy_150,stairs_10_down,303,16,True,19.48,1.2,0.061602,4.32,False,
go2_g_a033_a017_track_lin_vel_xy_150,stairs_10_down,303,17,True,19.48,5.98,0.306982,5.82,False,
go2_g_a033_a017_track_lin_vel_xy_150,stairs_10_down,303,18,True,19.48,2.18,0.11191,5.18,False,
go2_g_a033_a017_track_lin_vel_xy_150,stairs_10_down,303,19,True,19.48,12.46,0.63963,5.12,False,
go2_g_a033_a017_track_lin_vel_xy_150,stairs_10_down,303,20,True,19.48,1.08,0.055441,3.62,False,
go2_g_a033_a017_track_lin_vel_xy_150,stairs_10_down,303,21,True,19.48,9.24,0.474333,6.48,False,
go2_g_a033_a017_track_lin_vel_xy_150,stairs_10_down,303,22,True,19.48,0.0,0.0,5.96,False,
go2_g_a033_a017_track_lin_vel_xy_150,stairs_10_down,303,23,True,19.48,0.0,0.0,5.68,False,
go2_g_a033_a017_track_lin_vel_xy_150,stairs_10_down,303,24,True,19.48,3.5,0.179671,4.6,False,
go2_g_a033_a017_track_lin_vel_xy_150,stairs_10_down,303,25,True,19.48,9.44,0.4846,5.48,False,
go2_g_a033_a017_track_lin_vel_xy_150,stairs_10_down,303,26,True,19.48,13.62,0.699179,3.76,False,
go2_g_a033_a017_track_lin_vel_xy_150,stairs_10_down,303,27,True,19.48,0.0,0.0,5.64,False,
go2_g_a033_a017_track_lin_vel_xy_150,stairs_10_down,303,28,True,19.48,2.04,0.104723,4.16,False,
go2_g_a033_a017_track_lin_vel_xy_150,stairs_10_down,303,29,True,19.48,1.04,0.053388,6.18,False,
go2_g_a033_a017_track_lin_vel_xy_150,stairs_10_down,303,30,True,19.48,12.36,0.634497,5.22,False,
go2_g_a033_a017_track_lin_vel_xy_150,stairs_10_down,303,31,True,16.38,1.36,0.083028,,True,
go2_g_a033_a017_track_lin_vel_xy_150,stairs_15_down,101,0,True,19.48,0.0,0.0,,True,
go2_g_a033_a017_track_lin_vel_xy_150,stairs_15_down,101,1,True,19.48,12.96,0.665298,,True,
go2_g_a033_a017_track_lin_vel_xy_150,stairs_15_down,101,2,True,19.48,14.12,0.724846,,True,
go2_g_a033_a017_track_lin_vel_xy_150,stairs_15_down,101,3,True,19.48,11.92,0.61191,,True,
go2_g_a033_a017_track_lin_vel_xy_150,stairs_15_down,101,4,True,19.48,10.82,0.555441,,True,
go2_g_a033_a017_track_lin_vel_xy_150,stairs_15_down,101,5,True,19.48,11.38,0.584189,,True,
go2_g_a033_a017_track_lin_vel_xy_150,stairs_15_down,101,6,True,19.48,12.66,0.649897,,True,
go2_g_a033_a017_track_lin_vel_xy_150,stairs_15_down,101,7,True,19.48,8.68,0.445585,,True,
go2_g_a033_a017_track_lin_vel_xy_150,stairs_15_down,101,8,True,19.48,10.94,0.561602,,True,
go2_g_a033_a017_track_lin_vel_xy_150,stairs_15_down,101,9,True,19.48,10.54,0.541068,,True,
go2_g_a033_a017_track_lin_vel_xy_150,stairs_15_down,101,10,True,19.48,15.14,0.777207,,True,
go2_g_a033_a017_track_lin_vel_xy_150,stairs_15_down,101,11,True,4.98,0.0,0.0,,True,
go2_g_a033_a017_track_lin_vel_xy_150,stairs_15_down,101,12,True,19.48,11.28,0.579055,,True,
go2_g_a033_a017_track_lin_vel_xy_150,stairs_15_down,101,13,True,19.48,14.74,0.756674,,True,
go2_g_a033_a017_track_lin_vel_xy_150,stairs_15_down,101,14,True,19.48,12.56,0.644764,,True,
go2_g_a033_a017_track_lin_vel_xy_150,stairs_15_down,101,15,True,19.48,3.68,0.188912,5.56,False,
go2_g_a033_a017_track_lin_vel_xy_150,stairs_15_down,101,16,True,19.48,11.9,0.610883,,True,
go2_g_a033_a017_track_lin_vel_xy_150,stairs_15_down,101,17,True,19.48,9.68,0.49692,,True,
go2_g_a033_a017_track_lin_vel_xy_150,stairs_15_down,101,18,True,19.48,12.64,0.648871,,True,
go2_g_a033_a017_track_lin_vel_xy_150,stairs_15_down,101,19,True,19.48,13.86,0.711499,,True,
go2_g_a033_a017_track_lin_vel_xy_150,stairs_15_down,101,20,True,19.48,11.22,0.575975,,True,
go2_g_a033_a017_track_lin_vel_xy_150,stairs_15_down,101,21,True,19.48,6.44,0.330595,,True,
go2_g_a033_a017_track_lin_vel_xy_150,stairs_15_down,101,22,True,19.48,14.66,0.752567,,True,
go2_g_a033_a017_track_lin_vel_xy_150,stairs_15_down,101,23,True,19.48,12.92,0.663244,,True,
go2_g_a033_a017_track_lin_vel_xy_150,stairs_15_down,101,24,True,19.48,15.66,0.803901,,True,
go2_g_a033_a017_track_lin_vel_xy_150,stairs_15_down,101,25,True,19.48,15.26,0.783368,,True,
go2_g_a033_a017_track_lin_vel_xy_150,stairs_15_down,101,26,True,19.48,10.8,0.554415,,True,
go2_g_a033_a017_track_lin_vel_xy_150,stairs_15_down,101,27,True,19.48,14.94,0.76694,,True,
go2_g_a033_a017_track_lin_vel_xy_150,stairs_15_down,101,28,True,19.48,17.14,0.879877,,True,
go2_g_a033_a017_track_lin_vel_xy_150,stairs_15_down,101,29,True,19.48,14.9,0.764887,,True,
go2_g_a033_a017_track_lin_vel_xy_150,stairs_15_down,101,30,True,19.48,10.24,0.525667,,True,
go2_g_a033_a017_track_lin_vel_xy_150,stairs_15_down,101,31,True,19.48,10.18,0.522587,,True,
go2_g_a033_a017_track_lin_vel_xy_150,stairs_15_down,202,0,True,19.48,10.2,0.523614,,True,
go2_g_a033_a017_track_lin_vel_xy_150,stairs_15_down,202,1,True,19.48,17.14,0.879877,,True,
go2_g_a033_a017_track_lin_vel_xy_150,stairs_15_down,202,2,True,19.48,14.54,0.746407,,True,
go2_g_a033_a017_track_lin_vel_xy_150,stairs_15_down,202,3,True,19.48,14.04,0.720739,,True,
go2_g_a033_a017_track_lin_vel_xy_150,stairs_15_down,202,4,True,19.48,7.44,0.38193,,True,
go2_g_a033_a017_track_lin_vel_xy_150,stairs_15_down,202,5,True,19.48,14.04,0.720739,,True,
go2_g_a033_a017_track_lin_vel_xy_150,stairs_15_down,202,6,True,19.48,6.22,0.319302,,True,
go2_g_a033_a017_track_lin_vel_xy_150,stairs_15_down,202,7,True,19.48,13.28,0.681725,,True,
go2_g_a033_a017_track_lin_vel_xy_150,stairs_15_down,202,8,True,19.48,11.4,0.585216,,True,
go2_g_a033_a017_track_lin_vel_xy_150,stairs_15_down,202,9,True,19.48,12.12,0.622177,,True,
go2_g_a033_a017_track_lin_vel_xy_150,stairs_15_down,202,10,True,19.48,9.34,0.479466,,True,
go2_g_a033_a017_track_lin_vel_xy_150,stairs_15_down,202,11,True,19.48,13.44,0.689938,,True,
go2_g_a033_a017_track_lin_vel_xy_150,stairs_15_down,202,12,True,19.48,16.04,0.823409,,True,
go2_g_a033_a017_track_lin_vel_xy_150,stairs_15_down,202,13,True,19.48,14.46,0.7423,,True,
go2_g_a033_a017_track_lin_vel_xy_150,stairs_15_down,202,14,True,19.48,9.08,0.466119,,True,
go2_g_a033_a017_track_lin_vel_xy_150,stairs_15_down,202,15,True,19.48,12.84,0.659138,,True,
go2_g_a033_a017_track_lin_vel_xy_150,stairs_15_down,202,16,True,19.48,9.18,0.471253,,True,
go2_g_a033_a017_track_lin_vel_xy_150,stairs_15_down,202,17,True,19.48,16.42,0.842916,,True,
go2_g_a033_a017_track_lin_vel_xy_150,stairs_15_down,202,18,True,19.48,16.0,0.821355,,True,
go2_g_a033_a017_track_lin_vel_xy_150,stairs_15_down,202,19,True,19.48,10.42,0.534908,,True,
go2_g_a033_a017_track_lin_vel_xy_150,stairs_15_down,202,20,True,19.48,13.3,0.682752,,True,
go2_g_a033_a017_track_lin_vel_xy_150,stairs_15_down,202,21,True,19.48,13.84,0.710472,,True,
go2_g_a033_a017_track_lin_vel_xy_150,stairs_15_down,202,22,True,19.48,13.28,0.681725,,True,
go2_g_a033_a017_track_lin_vel_xy_150,stairs_15_down,202,23,True,19.48,2.52,0.129363,7.82,False,
go2_g_a033_a017_track_lin_vel_xy_150,stairs_15_down,202,24,True,19.48,1.28,0.065708,,True,
go2_g_a033_a017_track_lin_vel_xy_150,stairs_15_down,202,25,True,19.48,15.54,0.797741,,True,
go2_g_a033_a017_track_lin_vel_xy_150,stairs_15_down,202,26,True,19.48,13.04,0.669405,,True,
go2_g_a033_a017_track_lin_vel_xy_150,stairs_15_down,202,27,True,19.48,13.6,0.698152,,True,
go2_g_a033_a017_track_lin_vel_xy_150,stairs_15_down,202,28,True,19.48,10.46,0.536961,,True,
go2_g_a033_a017_track_lin_vel_xy_150,stairs_15_down,202,29,True,19.48,10.46,0.536961,,True,
go2_g_a033_a017_track_lin_vel_xy_150,stairs_15_down,202,30,True,19.48,13.36,0.685832,,True,
go2_g_a033_a017_track_lin_vel_xy_150,stairs_15_down,202,31,True,19.48,13.54,0.695072,,True,
go2_g_a033_a017_track_lin_vel_xy_150,stairs_15_down,303,0,True,19.48,9.08,0.466119,,True,
go2_g_a033_a017_track_lin_vel_xy_150,stairs_15_down,303,1,True,19.48,6.62,0.339836,,True,
go2_g_a033_a017_track_lin_vel_xy_150,stairs_15_down,303,2,True,19.48,11.62,0.596509,4.02,False,
go2_g_a033_a017_track_lin_vel_xy_150,stairs_15_down,303,3,True,19.48,8.02,0.411704,,True,
go2_g_a033_a017_track_lin_vel_xy_150,stairs_15_down,303,4,True,19.48,11.86,0.60883,,True,
go2_g_a033_a017_track_lin_vel_xy_150,stairs_15_down,303,5,True,19.48,14.16,0.726899,,True,
go2_g_a033_a017_track_lin_vel_xy_150,stairs_15_down,303,6,True,19.48,14.24,0.731006,,True,
go2_g_a033_a017_track_lin_vel_xy_150,stairs_15_down,303,7,True,19.48,10.88,0.558522,,True,
go2_g_a033_a017_track_lin_vel_xy_150,stairs_15_down,303,8,True,19.48,16.18,0.830595,,True,
go2_g_a033_a017_track_lin_vel_xy_150,stairs_15_down,303,9,True,19.48,9.66,0.495893,,True,
go2_g_a033_a017_track_lin_vel_xy_150,stairs_15_down,303,10,True,19.48,10.44,0.535934,,True,
go2_g_a033_a017_track_lin_vel_xy_150,stairs_15_down,303,11,True,19.48,15.38,0.789528,,True,
go2_g_a033_a017_track_lin_vel_xy_150,stairs_15_down,303,12,True,19.48,14.14,0.725873,,True,
go2_g_a033_a017_track_lin_vel_xy_150,stairs_15_down,303,13,True,19.48,13.58,0.697125,,True,
go2_g_a033_a017_track_lin_vel_xy_150,stairs_15_down,303,14,True,19.48,14.26,0.732033,,True,
go2_g_a033_a017_track_lin_vel_xy_150,stairs_15_down,303,15,True,19.48,8.0,0.410678,,True,
go2_g_a033_a017_track_lin_vel_xy_150,stairs_15_down,303,16,True,19.48,11.44,0.587269,,True,
go2_g_a033_a017_track_lin_vel_xy_150,stairs_15_down,303,17,True,19.48,9.26,0.475359,,True,
go2_g_a033_a017_track_lin_vel_xy_150,stairs_15_down,303,18,True,19.48,14.94,0.76694,,True,
go2_g_a033_a017_track_lin_vel_xy_150,stairs_15_down,303,19,True,19.48,11.82,0.606776,,True,
go2_g_a033_a017_track_lin_vel_xy_150,stairs_15_down,303,20,True,19.48,15.98,0.820329,,True,
go2_g_a033_a017_track_lin_vel_xy_150,stairs_15_down,303,21,True,19.48,0.0,0.0,,True,
go2_g_a033_a017_track_lin_vel_xy_150,stairs_15_down,303,22,True,19.48,9.82,0.504107,,True,
go2_g_a033_a017_track_lin_vel_xy_150,stairs_15_down,303,23,True,19.48,15.06,0.773101,,True,
go2_g_a033_a017_track_lin_vel_xy_150,stairs_15_down,303,24,True,19.48,9.42,0.483573,,True,
go2_g_a033_a017_track_lin_vel_xy_150,stairs_15_down,303,25,True,19.48,10.54,0.541068,,True,
go2_g_a033_a017_track_lin_vel_xy_150,stairs_15_down,303,26,True,19.48,2.88,0.147844,3.8,False,
go2_g_a033_a017_track_lin_vel_xy_150,stairs_15_down,303,27,True,19.48,12.78,0.656057,,True,
go2_g_a033_a017_track_lin_vel_xy_150,stairs_15_down,303,28,True,19.48,11.32,0.581109,,True,
go2_g_a033_a017_track_lin_vel_xy_150,stairs_15_down,303,29,True,19.48,13.36,0.685832,,True,
go2_g_a033_a017_track_lin_vel_xy_150,stairs_15_down,303,30,True,19.48,8.76,0.449692,,True,
go2_g_a033_a017_track_lin_vel_xy_150,stairs_15_down,303,31,True,19.48,12.22,0.62731,,True,
CreatorTemp,stairs_10_down,101,0,False,,,,,,environment absent from steps.csv
CreatorTemp,stairs_10_down,101,1,False,,,,,,environment absent from steps.csv
CreatorTemp,stairs_10_down,101,2,False,,,,,,environment absent from steps.csv
CreatorTemp,stairs_10_down,101,3,False,,,,,,environment absent from steps.csv
CreatorTemp,stairs_10_down,101,4,False,,,,,,environment absent from steps.csv
CreatorTemp,stairs_10_down,101,5,False,,,,,,environment absent from steps.csv
CreatorTemp,stairs_10_down,101,6,False,,,,,,environment absent from steps.csv
CreatorTemp,stairs_10_down,101,7,False,,,,,,environment absent from steps.csv
CreatorTemp,stairs_10_down,101,8,False,,,,,,environment absent from steps.csv
CreatorTemp,stairs_10_down,101,9,False,,,,,,environment absent from steps.csv
CreatorTemp,stairs_10_down,101,10,False,,,,,,environment absent from steps.csv
CreatorTemp,stairs_10_down,101,11,False,,,,,,environment absent from steps.csv
CreatorTemp,stairs_10_down,101,12,False,,,,,,environment absent from steps.csv
CreatorTemp,stairs_10_down,101,13,False,,,,,,environment absent from steps.csv
CreatorTemp,stairs_10_down,101,14,False,,,,,,environment absent from steps.csv
CreatorTemp,stairs_10_down,101,15,False,,,,,,environment absent from steps.csv
CreatorTemp,stairs_10_down,101,16,False,,,,,,environment absent from steps.csv
CreatorTemp,stairs_10_down,101,17,False,,,,,,environment absent from steps.csv
CreatorTemp,stairs_10_down,101,18,False,,,,,,environment absent from steps.csv
CreatorTemp,stairs_10_down,101,19,False,,,,,,environment absent from steps.csv
CreatorTemp,stairs_10_down,101,20,False,,,,,,environment absent from steps.csv
CreatorTemp,stairs_10_down,101,21,False,,,,,,environment absent from steps.csv
CreatorTemp,stairs_10_down,101,22,False,,,,,,environment absent from steps.csv
CreatorTemp,stairs_10_down,101,23,False,,,,,,environment absent from steps.csv
CreatorTemp,stairs_10_down,101,24,False,,,,,,environment absent from steps.csv
CreatorTemp,stairs_10_down,101,25,False,,,,,,environment absent from steps.csv
CreatorTemp,stairs_10_down,101,26,False,,,,,,environment absent from steps.csv
CreatorTemp,stairs_10_down,101,27,False,,,,,,environment absent from steps.csv
CreatorTemp,stairs_10_down,101,28,False,,,,,,environment absent from steps.csv
CreatorTemp,stairs_10_down,101,29,False,,,,,,environment absent from steps.csv
CreatorTemp,stairs_10_down,101,30,False,,,,,,environment absent from steps.csv
CreatorTemp,stairs_10_down,101,31,False,,,,,,environment absent from steps.csv
CreatorTemp,stairs_10_down,202,0,False,,,,,,environment absent from steps.csv
CreatorTemp,stairs_10_down,202,1,False,,,,,,environment absent from steps.csv
CreatorTemp,stairs_10_down,202,2,False,,,,,,environment absent from steps.csv
CreatorTemp,stairs_10_down,202,3,False,,,,,,environment absent from steps.csv
CreatorTemp,stairs_10_down,202,4,False,,,,,,environment absent from steps.csv
CreatorTemp,stairs_10_down,202,5,False,,,,,,environment absent from steps.csv
CreatorTemp,stairs_10_down,202,6,False,,,,,,environment absent from steps.csv
CreatorTemp,stairs_10_down,202,7,False,,,,,,environment absent from steps.csv
CreatorTemp,stairs_10_down,202,8,False,,,,,,environment absent from steps.csv
CreatorTemp,stairs_10_down,202,9,False,,,,,,environment absent from steps.csv
CreatorTemp,stairs_10_down,202,10,False,,,,,,environment absent from steps.csv
CreatorTemp,stairs_10_down,202,11,False,,,,,,environment absent from steps.csv
CreatorTemp,stairs_10_down,202,12,False,,,,,,environment absent from steps.csv
CreatorTemp,stairs_10_down,202,13,False,,,,,,environment absent from steps.csv
CreatorTemp,stairs_10_down,202,14,False,,,,,,environment absent from steps.csv
CreatorTemp,stairs_10_down,202,15,False,,,,,,environment absent from steps.csv
CreatorTemp,stairs_10_down,202,16,False,,,,,,environment absent from steps.csv
CreatorTemp,stairs_10_down,202,17,False,,,,,,environment absent from steps.csv
CreatorTemp,stairs_10_down,202,18,False,,,,,,environment absent from steps.csv
CreatorTemp,stairs_10_down,202,19,False,,,,,,environment absent from steps.csv
CreatorTemp,stairs_10_down,202,20,False,,,,,,environment absent from steps.csv
CreatorTemp,stairs_10_down,202,21,False,,,,,,environment absent from steps.csv
CreatorTemp,stairs_10_down,202,22,False,,,,,,environment absent from steps.csv
CreatorTemp,stairs_10_down,202,23,False,,,,,,environment absent from steps.csv
CreatorTemp,stairs_10_down,202,24,False,,,,,,environment absent from steps.csv
CreatorTemp,stairs_10_down,202,25,False,,,,,,environment absent from steps.csv
CreatorTemp,stairs_10_down,202,26,False,,,,,,environment absent from steps.csv
CreatorTemp,stairs_10_down,202,27,False,,,,,,environment absent from steps.csv
CreatorTemp,stairs_10_down,202,28,False,,,,,,environment absent from steps.csv
CreatorTemp,stairs_10_down,202,29,False,,,,,,environment absent from steps.csv
CreatorTemp,stairs_10_down,202,30,False,,,,,,environment absent from steps.csv
CreatorTemp,stairs_10_down,202,31,False,,,,,,environment absent from steps.csv
CreatorTemp,stairs_10_down,303,0,False,,,,,,environment absent from steps.csv
CreatorTemp,stairs_10_down,303,1,False,,,,,,environment absent from steps.csv
CreatorTemp,stairs_10_down,303,2,False,,,,,,environment absent from steps.csv
CreatorTemp,stairs_10_down,303,3,False,,,,,,environment absent from steps.csv
CreatorTemp,stairs_10_down,303,4,False,,,,,,environment absent from steps.csv
CreatorTemp,stairs_10_down,303,5,False,,,,,,environment absent from steps.csv
CreatorTemp,stairs_10_down,303,6,False,,,,,,environment absent from steps.csv
CreatorTemp,stairs_10_down,303,7,False,,,,,,environment absent from steps.csv
CreatorTemp,stairs_10_down,303,8,False,,,,,,environment absent from steps.csv
CreatorTemp,stairs_10_down,303,9,False,,,,,,environment absent from steps.csv
CreatorTemp,stairs_10_down,303,10,False,,,,,,environment absent from steps.csv
CreatorTemp,stairs_10_down,303,11,False,,,,,,environment absent from steps.csv
CreatorTemp,stairs_10_down,303,12,False,,,,,,environment absent from steps.csv
CreatorTemp,stairs_10_down,303,13,False,,,,,,environment absent from steps.csv
CreatorTemp,stairs_10_down,303,14,False,,,,,,environment absent from steps.csv
CreatorTemp,stairs_10_down,303,15,False,,,,,,environment absent from steps.csv
CreatorTemp,stairs_10_down,303,16,False,,,,,,environment absent from steps.csv
CreatorTemp,stairs_10_down,303,17,False,,,,,,environment absent from steps.csv
CreatorTemp,stairs_10_down,303,18,False,,,,,,environment absent from steps.csv
CreatorTemp,stairs_10_down,303,19,False,,,,,,environment absent from steps.csv
CreatorTemp,stairs_10_down,303,20,False,,,,,,environment absent from steps.csv
CreatorTemp,stairs_10_down,303,21,False,,,,,,environment absent from steps.csv
CreatorTemp,stairs_10_down,303,22,False,,,,,,environment absent from steps.csv
CreatorTemp,stairs_10_down,303,23,False,,,,,,environment absent from steps.csv
CreatorTemp,stairs_10_down,303,24,False,,,,,,environment absent from steps.csv
CreatorTemp,stairs_10_down,303,25,False,,,,,,environment absent from steps.csv
CreatorTemp,stairs_10_down,303,26,False,,,,,,environment absent from steps.csv
CreatorTemp,stairs_10_down,303,27,False,,,,,,environment absent from steps.csv
CreatorTemp,stairs_10_down,303,28,False,,,,,,environment absent from steps.csv
CreatorTemp,stairs_10_down,303,29,False,,,,,,environment absent from steps.csv
CreatorTemp,stairs_10_down,303,30,False,,,,,,environment absent from steps.csv
CreatorTemp,stairs_10_down,303,31,False,,,,,,environment absent from steps.csv
CreatorTemp,stairs_15_down,101,0,False,,,,,,environment absent from steps.csv
CreatorTemp,stairs_15_down,101,1,False,,,,,,environment absent from steps.csv
CreatorTemp,stairs_15_down,101,2,False,,,,,,environment absent from steps.csv
CreatorTemp,stairs_15_down,101,3,False,,,,,,environment absent from steps.csv
CreatorTemp,stairs_15_down,101,4,False,,,,,,environment absent from steps.csv
CreatorTemp,stairs_15_down,101,5,False,,,,,,environment absent from steps.csv
CreatorTemp,stairs_15_down,101,6,False,,,,,,environment absent from steps.csv
CreatorTemp,stairs_15_down,101,7,False,,,,,,environment absent from steps.csv
CreatorTemp,stairs_15_down,101,8,False,,,,,,environment absent from steps.csv
CreatorTemp,stairs_15_down,101,9,False,,,,,,environment absent from steps.csv
CreatorTemp,stairs_15_down,101,10,False,,,,,,environment absent from steps.csv
CreatorTemp,stairs_15_down,101,11,False,,,,,,environment absent from steps.csv
CreatorTemp,stairs_15_down,101,12,False,,,,,,environment absent from steps.csv
CreatorTemp,stairs_15_down,101,13,False,,,,,,environment absent from steps.csv
CreatorTemp,stairs_15_down,101,14,False,,,,,,environment absent from steps.csv
CreatorTemp,stairs_15_down,101,15,False,,,,,,environment absent from steps.csv
CreatorTemp,stairs_15_down,101,16,False,,,,,,environment absent from steps.csv
CreatorTemp,stairs_15_down,101,17,False,,,,,,environment absent from steps.csv
CreatorTemp,stairs_15_down,101,18,False,,,,,,environment absent from steps.csv
CreatorTemp,stairs_15_down,101,19,False,,,,,,environment absent from steps.csv
CreatorTemp,stairs_15_down,101,20,False,,,,,,environment absent from steps.csv
CreatorTemp,stairs_15_down,101,21,False,,,,,,environment absent from steps.csv
CreatorTemp,stairs_15_down,101,22,False,,,,,,environment absent from steps.csv
CreatorTemp,stairs_15_down,101,23,False,,,,,,environment absent from steps.csv
CreatorTemp,stairs_15_down,101,24,False,,,,,,environment absent from steps.csv
CreatorTemp,stairs_15_down,101,25,False,,,,,,environment absent from steps.csv
CreatorTemp,stairs_15_down,101,26,False,,,,,,environment absent from steps.csv
CreatorTemp,stairs_15_down,101,27,False,,,,,,environment absent from steps.csv
CreatorTemp,stairs_15_down,101,28,False,,,,,,environment absent from steps.csv
CreatorTemp,stairs_15_down,101,29,False,,,,,,environment absent from steps.csv
CreatorTemp,stairs_15_down,101,30,False,,,,,,environment absent from steps.csv
CreatorTemp,stairs_15_down,101,31,False,,,,,,environment absent from steps.csv
CreatorTemp,stairs_15_down,202,0,False,,,,,,environment absent from steps.csv
CreatorTemp,stairs_15_down,202,1,False,,,,,,environment absent from steps.csv
CreatorTemp,stairs_15_down,202,2,False,,,,,,environment absent from steps.csv
CreatorTemp,stairs_15_down,202,3,False,,,,,,environment absent from steps.csv
CreatorTemp,stairs_15_down,202,4,False,,,,,,environment absent from steps.csv
CreatorTemp,stairs_15_down,202,5,False,,,,,,environment absent from steps.csv
CreatorTemp,stairs_15_down,202,6,False,,,,,,environment absent from steps.csv
CreatorTemp,stairs_15_down,202,7,False,,,,,,environment absent from steps.csv
CreatorTemp,stairs_15_down,202,8,False,,,,,,environment absent from steps.csv
CreatorTemp,stairs_15_down,202,9,False,,,,,,environment absent from steps.csv
CreatorTemp,stairs_15_down,202,10,False,,,,,,environment absent from steps.csv
CreatorTemp,stairs_15_down,202,11,False,,,,,,environment absent from steps.csv
CreatorTemp,stairs_15_down,202,12,False,,,,,,environment absent from steps.csv
CreatorTemp,stairs_15_down,202,13,False,,,,,,environment absent from steps.csv
CreatorTemp,stairs_15_down,202,14,False,,,,,,environment absent from steps.csv
CreatorTemp,stairs_15_down,202,15,False,,,,,,environment absent from steps.csv
CreatorTemp,stairs_15_down,202,16,False,,,,,,environment absent from steps.csv
CreatorTemp,stairs_15_down,202,17,False,,,,,,environment absent from steps.csv
CreatorTemp,stairs_15_down,202,18,False,,,,,,environment absent from steps.csv
CreatorTemp,stairs_15_down,202,19,False,,,,,,environment absent from steps.csv
CreatorTemp,stairs_15_down,202,20,False,,,,,,environment absent from steps.csv
CreatorTemp,stairs_15_down,202,21,False,,,,,,environment absent from steps.csv
CreatorTemp,stairs_15_down,202,22,False,,,,,,environment absent from steps.csv
CreatorTemp,stairs_15_down,202,23,False,,,,,,environment absent from steps.csv
CreatorTemp,stairs_15_down,202,24,False,,,,,,environment absent from steps.csv
CreatorTemp,stairs_15_down,202,25,False,,,,,,environment absent from steps.csv
CreatorTemp,stairs_15_down,202,26,False,,,,,,environment absent from steps.csv
CreatorTemp,stairs_15_down,202,27,False,,,,,,environment absent from steps.csv
CreatorTemp,stairs_15_down,202,28,False,,,,,,environment absent from steps.csv
CreatorTemp,stairs_15_down,202,29,False,,,,,,environment absent from steps.csv
CreatorTemp,stairs_15_down,202,30,False,,,,,,environment absent from steps.csv
CreatorTemp,stairs_15_down,202,31,False,,,,,,environment absent from steps.csv
CreatorTemp,stairs_15_down,303,0,False,,,,,,environment absent from steps.csv
CreatorTemp,stairs_15_down,303,1,False,,,,,,environment absent from steps.csv
CreatorTemp,stairs_15_down,303,2,False,,,,,,environment absent from steps.csv
CreatorTemp,stairs_15_down,303,3,False,,,,,,environment absent from steps.csv
CreatorTemp,stairs_15_down,303,4,False,,,,,,environment absent from steps.csv
CreatorTemp,stairs_15_down,303,5,False,,,,,,environment absent from steps.csv
CreatorTemp,stairs_15_down,303,6,False,,,,,,environment absent from steps.csv
CreatorTemp,stairs_15_down,303,7,False,,,,,,environment absent from steps.csv
CreatorTemp,stairs_15_down,303,8,False,,,,,,environment absent from steps.csv
CreatorTemp,stairs_15_down,303,9,False,,,,,,environment absent from steps.csv
CreatorTemp,stairs_15_down,303,10,False,,,,,,environment absent from steps.csv
CreatorTemp,stairs_15_down,303,11,False,,,,,,environment absent from steps.csv
CreatorTemp,stairs_15_down,303,12,False,,,,,,environment absent from steps.csv
CreatorTemp,stairs_15_down,303,13,False,,,,,,environment absent from steps.csv
CreatorTemp,stairs_15_down,303,14,False,,,,,,environment absent from steps.csv
CreatorTemp,stairs_15_down,303,15,False,,,,,,environment absent from steps.csv
CreatorTemp,stairs_15_down,303,16,False,,,,,,environment absent from steps.csv
CreatorTemp,stairs_15_down,303,17,False,,,,,,environment absent from steps.csv
CreatorTemp,stairs_15_down,303,18,False,,,,,,environment absent from steps.csv
CreatorTemp,stairs_15_down,303,19,False,,,,,,environment absent from steps.csv
CreatorTemp,stairs_15_down,303,20,False,,,,,,environment absent from steps.csv
CreatorTemp,stairs_15_down,303,21,False,,,,,,environment absent from steps.csv
CreatorTemp,stairs_15_down,303,22,False,,,,,,environment absent from steps.csv
CreatorTemp,stairs_15_down,303,23,False,,,,,,environment absent from steps.csv
CreatorTemp,stairs_15_down,303,24,False,,,,,,environment absent from steps.csv
CreatorTemp,stairs_15_down,303,25,False,,,,,,environment absent from steps.csv
CreatorTemp,stairs_15_down,303,26,False,,,,,,environment absent from steps.csv
CreatorTemp,stairs_15_down,303,27,False,,,,,,environment absent from steps.csv
CreatorTemp,stairs_15_down,303,28,False,,,,,,environment absent from steps.csv
CreatorTemp,stairs_15_down,303,29,False,,,,,,environment absent from steps.csv
CreatorTemp,stairs_15_down,303,30,False,,,,,,environment absent from steps.csv
CreatorTemp,stairs_15_down,303,31,False,,,,,,environment absent from steps.csv
